name,director_return
 Yeon Sang-Ho,0.24
A.R. Murugadoss,5.97
Aamir Khan,10.93
Aaron Katz,6.17
Aaron Norris,0.85
Aaron Seltzer,2.836
Abbas Alibhai Burmawalla,2.64
Abbas Tyrewala,4.83
Abdellatif Kechiche,2.36
Abderrahmane Sissako,0.06
Abe Sylvia,0.01
Abel Ferrara,0.8383333333333334
Abhinay Deo,4.41
Abhishek Chaubey,2.49
Abrid Shine,8.33
Adam Elliot,2.92
Adam Green,0.02
Adam Marcus,5.31
Adam McKay,2.938333333333333
Adam Rapp,0.03
Adam Rifkin,0.395
Adam Sanderson,2.13
Adam Shankman,2.703333333333333
Adam Simon,1.75
Adam Wingard,4.75
Aditya Chopra,7.58
Adrian Lyne,7.1225
Adrienne Shelly,11.09
Afonso Poyart,0.81
Agathiyan,1.0
Agnieszka Smoczynska,0.08
Agnieszka Wojtowicz-Vosloo,0.8
Agustí Villaronga,0.63
Agustín Díaz Yanes,0.97
Aki Kaurismäki,1.17
Akira Kurosawa,0.29333333333333333
Akiva Goldsman,0.51
Akiva Schaffer,1.0
Alain Chabat,0.88
Alain Fresnot,1.0
Alan J. Pakula,4.661666666666666
Alan Johnson,0.06
Alan Mak,4.58
Alan Myerson,9.39
Alan Parker,3.04625
Alan Poul,2.21
Alan Shapiro,1.53
Alan Taylor,3.315
Alastair Fothergill,7.27
Albert Hughes,4.02
Albert Magnoli,5.325
Albert Pyun,15.055
Alberto Rodríguez,0.885
Alejandro Agresti,2.87
Alejandro Amenábar,1.2333333333333332
Alejandro González Iñárritu,5.418333333333333
Alejandro Monteverde,0.32
Alek Keshishian,7.25
Aleksander Bach,2.34
Aleksandr Voytinskiy,2.9899999999999998
Aleksei Sidorov,2.36
Aleksey Andrianov,0.76
Aleksey Balabanov,0.21
Aleksey German,0.19
Aleksey Mizgiryov,0.48
Aleksey Uchitel,0.35
Aleksi Mäkelä,0.3
Alessandro Carloni,3.59
Alessandro Genovesi,1.37
Alex Cox,0.58
Alex Garland,2.46
Alex Gibney,0.15000000000000002
Alex Kendrick,56.4525
Alex Kurtzman,2.7640000000000002
Alex Proyas,2.5616666666666665
Alex Rivera,0.04
Alexander Nevsky,0.12
Alexander Payne,3.9942857142857138
Alexander Witt,2.88
Alexandre Aja,3.705
Alexandre Rockwell,1.08
Alfonso Aráu,6.665
Alfonso Cuarón,3.53
Alfred Hitchcock,9.506785714285714
Ali Abbas Zafar,9.81
Ali Zafar,3.28
Alister Grierson,3.62
Allan A. Goldstein,0.34
Allan Arkush,0.22
Allan Dwan,7.8
Allan Moyle,0.29
Allen Coulter,3.5
Allen Hughes,2.5919999999999996
Allison Anders,1.08
Alphonse Putharen,1.77
Amma Asante,1.25
Amy Heckerling,15.296666666666665
Ana Lily Amirpour,0.4
Anand L Rai,1.72
Anand Tucker,1.4233333333333331
Andrea Arnold,0.12142857142857144
Andrea Di Stefano,0.22
Andrei Kavun,2.17
Andrei Konchalovsky,0.9700000000000001
Andrei Proshkin,0.12
Andrew Adamson,5.0575
Andrew Bergman,1.175
Andrew Currie,0.05
Andrew Davis,2.820909090909091
Andrew Dominik,1.5099999999999998
Andrew Douglas,5.69
Andrew Erwin,1.645
Andrew Fleming,2.0733333333333337
Andrew Gurland,0.28
Andrew Haigh,60.57
Andrew Lau,4.58
Andrew Marton,5.01
Andrew Mogel,1.72
Andrew Morahan,1.42
Andrew Niccol,1.6299999999999997
Andrew Sipes,0.23
Andrew Solt,0.415
Andrew Stanton,4.7825
Andrey Kravchuk,19.07
Andrucha Waddington,1.09
Andrzej Bartkowiak,1.738
Andrzej Wajda,2.83
André De Toth,36.17
André Øvredal,1.19
Andy Fickman,3.507142857142857
Andy García,0.46
Andy Muschietti,9.77
Andy Tennant,3.7599999999999993
Andy Wilson,0.33
Andy de Emmony,1.01
Anees Bazmee,1.05
Ang Lee,5.647692307692308
Angel Gracia,26881.72
Angela Robinson,1.32
Angelina Jolie,0.7299999999999999
Angus MacLane,5.14
Anjali Menon,0.18
Anna Boden,0.81
Anna Foerster,2.32
Annabel Jankel,0.44
Anne Fletcher,4.466666666666667
Anne Fontaine,0.02
Anonymous,0.44
Anthony Bell,1.96
Anthony Byrne,0.08
Anthony Hemingway,0.87
Anthony Hickox,2.51
Anthony Leonardi III,0.56
Anthony Leondis,1.27
Anthony Mann,2.5100000000000002
Anthony Minghella,4.666666666666667
Anthony Russo,3.7433333333333336
Anthony Silverston,1.36
Anthony Stacchi,2.1466666666666665
Anthony Waller,0.855
Antoine Fuqua,1.969090909090909
Anton Bormatov,5.83
Anton Corbijn,2.685
Anton Megerdichev,1.86
Antony Hoffman,0.42
Anurag Basu,0.63
Anurag Kashyap,1.6500000000000001
Anusha Rizvi,3.04
Apoorva Lakhia,1.09
Arch Hall Sr.,0.22
Ari Folman,5.56
Ari Sandel,5.12
Arie Posin,0.09
Ariel Schulman,43.93
Ariel Vromen,0.3466666666666667
Arin Crumley,0.98
Aristomenis Tsirbas,1.53
Arjun Sablok,17.43
Arman Gevorgyan,0.34
Armand Mastroianni,0.02
Art Stevens,30.915
Arthur Hiller,16.19
Arthur Penn,7.476000000000001
Arthur Rosson,3.0
Artyom Aksyonenko,5.83
Asger Leth,1.1
Asghar Farhadi,0.97
Ash Brannon,0.955
Ashutosh Gowariker,1.3966666666666667
Ashwani Dhir,1.33
Asia Argento,2.38
Asif Kapadia,0.8000000000000002
Ate de Jong,2.04
Atom Egoyan,0.605
Audrey Dana,2.41
Audrey Wells,1.755
Ava DuVernay,3.34
Ayan Mukherjee,4.82
Aziz Mirza,2.63
B Unnikrishnan,1.08
Babak Najafi,3.43
Baltasar Kormákur,2.435
Baran bo Odar,1.08
Barbet Schroeder,1.7333333333333334
Barbra Streisand,2.51
Barry Cook,2.48
Barry Jenkins,16.26
Barry Levinson,3.4200000000000004
Barry Sonnenfeld,2.18625
Barry W. Blaustein,0.24
Bart Freundlich,0.5800000000000001
Baz Luhrmann,4.82875
Beeban Kidron,0.8
Bejoy Nambiar,1.77
Ben Affleck,2.8525
Ben Falcone,3.29
Ben Garant,2.03
Ben Gluck,1.96
Ben Kellett,3.9
Ben Lewin,9.14
Ben Sharpsteen,28.031666666666666
Ben Sombogaart,0.4
Ben Stassen,0.25
Ben Stiller,1.9214285714285713
Ben Wheatley,0.34
Ben Younger,1.07
Benedikt Erlingsson,1.1
Benh Zeitlin,11.73
Benjamin Heisenberg,0.05
Benjamin Renner,0.65
Bennett Miller,3.236666666666667
Benny Chan,1.16
Benson Lee,0.83
Bernard Rose,0.876
Bernardo Bertolucci,6.412000000000001
Bernhard Wicki,5.01
Bernie Goldmann,0.07
Bertrand Tavernier,0.46
Betty Thomas,2.8442857142857143
Bhaskar,4.0
Bibo Bergeron,2.85
Bill Condon,6.128461538461538
Bill Duke,1.405
Bill Fishman,0.12
Bill L. Norton,6.01
Bill Paxton,0.905
Bill Plympton,0.81
Bille Woodruff,2.9725
Billy Bob Thornton,24.44
Billy Crystal,0.31
Billy Ray,0.9233333333333333
Billy Weber,0.08
Billy Wilder,4.136428571428572
Björn Stein,0.6025
Blake Edwards,2.3414285714285716
Boaz Yakin,2.2414285714285715
Bob Clark,7.978333333333333
Bob Fosse,2.5
Bob Gosse,0.2
Bob Guccione,1.34
Bob Odenkirk,1.16
Bob Rafelson,2.55
Bob Spiers,4.0
Bobby Farrelly,3.837333333333333
Bobcat Goldthwait,0.03
Bong Joon-ho,4.312222222222221
Bonnie Hunt,1.53
Brad Anderson,1.534
Brad Bird,3.4480000000000004
Brad Furman,1.6166666666666665
Brad Lewis,2.8
Brad Peyton,2.8425000000000002
Brad Silberling,2.4059999999999997
Brandon Camp,2.01
Breck Eisner,1.5442857142857143
Brenda Chapman,2.9800000000000004
Brendan Malloy,0.62
Brenna Sanchez,0.49
Brett Leonard,1.21
Brett Morgen,35.86
Brett Ratner,2.8246153846153845
Brett Simon,0.01
Brian A Miller,14.81
Brian Baugh,1.33
Brian De Palma,4.985833333333333
Brian Fee,2.0
Brian G. Hutton,2.015
Brian Gibson,2.16
Brian Grant,1.66
Brian Helgeland,1.3025
Brian Horiuchi,30.0
Brian Klugman,2.21
Brian Koppelman,0.5650000000000001
Brian Levant,2.998
Brian Robbins,1.0285714285714287
Brian Taylor,1.9140000000000001
Brian Yuzna,0.03
Brillante Mendoza,2.2
Bronwen Hughes,1.25
Bruce A. Evans,2.08
Bruce Beresford,4.628
Bruce Campbell,0.12
Bruce Hunt,0.5
Bruce Lee,653.85
Bruce Malmuth,4.36
Bruce McDonald,0.035
Bruce Robinson,0.55
Bruce Schooley,2.6
Bruce Timm,0.94
Bruno Dumont,0.03
Bruno Podalydès,0.37
Bryan Bertino,9.15
Bryan Buckley,0.18
Bryan Foy,16.0
Bryan Johnson,0.12
Bryan Singer,2.84125
Bryan Spicer,2.6500000000000004
Burny Mattinson,4.88
Burr Steers,2.255
Busby Berkeley,3.9400000000000004
Bx Giongrete,0.01
Byron Haskin,1.0
Byron Howard,3.3649999999999998
C. Jay Cox,0.96
Caleb Doyle,0.08
Callan Brunker,1.86
Cameron Crowe,2.2116666666666664
Camille Delamarre,2.685
Carl Franklin,1.085
Carl Rinsch,0.86
Carlos Reygadas,0.16
Carlos Saldanha,6.201666666666667
Carol Reed,3.67
Carroll Ballard,3.6425
Cary Fukunaga,1.51
Catherine Hardwicke,4.716666666666666
Catherine Owens,1.52
Cecil B. DeMille,6.90625
Cedric Nicolas-Troyan,1.43
Chad Stahelski,4.365
Charles B. Pierce,220.0
Charles Band,8.75
Charles Binamé,0.25
Charles Brabin,2.31
Charles Burnett,3.62
Charles Crichton,8.33
Charles Ferguson,2.33
Charles Grosvenor,0.51
Charles Herman-Wurmfeld,6.395
Charles Jarrott,0.69
Charles Martin Smith,3.9166666666666665
Charles S. Dutton,0.17
Charles Shyer,0.7999999999999999
Charles Stone III,1.805
Charlie Chaplin,1214289.827142857
Charlie Kaufman,0.71
Cheol-hie Park,1.33
Chris Buck,5.533333333333334
Chris Butler,1.79
Chris Carter,2.28
Chris Columbus,8.286363636363637
Chris Fisher,1.02
Chris Gorak,2.15
Chris Kentis,213.535
Chris Koch,0.87
Chris Lofing,426.64
Chris McKay,3.9
Chris Miller,4.99
Chris Morris,4.41
Chris Nahon,1.5350000000000001
Chris Noonan,4.82
Chris Paine,1.68
Chris Renaud,8.456
Chris Rock,1.2
Chris Sanders,3.0500000000000003
Chris Sivertson,0.8
Chris Wedge,3.295
Chris Weitz,7.136666666666667
Chris Williams,3.01
Christian Alvart,0.8500000000000001
Christian Carion,0.8
Christian Ditter,2.96
Christian Duguay,0.4
Christian E. Christiansen,2.53
Christian Robinson,1.06
Christian Volckman,0.1
Christine Cynn,0.44
Christine Jeffs,2.03
Christophe Gans,1.6309999999999998
Christophe Van Rompaey,2.68
Christopher B. Landon,9.129999999999999
Christopher Cain,2.38
Christopher Crowe,0.6
Christopher Doyle,0.37
Christopher Erskin,2.6
Christopher Guest,0.9075
Christopher McQuarrie,3.48
Christopher Miller,4.705
Christopher Nolan,4.423846153846154
Christopher Spencer,3.08
Christy Cabanne,2.31
Chu Yen-ping,2.29
Chuck Russell,7.60875
Chuck Sheetz,4.45
Ciaran Foy,5.29
Ciro Guerra,0.94
Clare Kilner,3.15
Clarence Brown,1.4266666666666667
Clark Gregg,1.28
Clark Johnson,1.3533333333333335
Claude Barras,0.04
Claudia Llosa,0.01
Clay Kaytis,4.79
Clif Prowse,0.38
Clint Eastwood,4.612333333333334
Clive Barker,7.6850000000000005
Clyde Geronimi,97.10133333333333
Cody Cameron,3.18
Colin Higgins,1.99
Colin Strause,3.86
Colin Trevorrow,5.283333333333333
Conor McMahon,0.95
Conrad Vernon,5.2175
Corey Yuen Kwai,1.055
Corneliu Porumboiu,0.04
Cory Edwards,3.4
Costa-Gavras,0.21
Courtney Solomon,0.505
Craig Brewer,2.245
Craig Clyde,5.33
Craig Gillespie,1.212
Craig Mazin,0.74
Craig McCracken,1.14
Craig R. Baxley,2.3666666666666667
Cristian Mungiu,0.5766666666666667
Curtis Hanson,4.137499999999999
Cy Endfield,2.29
Cyrus Nowrasteh,0.35
Cédric Klapisch,1.27
D.J. Caruso,2.491428571428571
D.W. Griffith,110.0
DJ Pooh,1.48
Daisy von Scherler Mayer,2.5175
Damien Chazelle,6.6899999999999995
Damien O'Donnell,7.42
Dan Aykroyd,0.21
Dan Bradley,0.69
Dan Bush,5.0
Dan Cutforth,2.73
Dan Fogelman,1.08
Dan Gilroy,4.55
Dan Ireland,2.29
Dan Kuenster,1.96
Dan Kwan,1.4
Dan Mazer,8.18
Dan O'Bannon,3.56
Dan Rush,0.52
Dan Scanlon,3.72
Dan St. Pierre,0.27
Dan Trachtenberg,7.22
Dana Adam Shapiro,5.83
Dania Pasquini,3.14
Daniel Alfredson,10.87
Daniel Barber,1.42
Daniel Barnz,1.0733333333333335
Daniel Benmayor,0.05
Daniel Calparsoro,1.81
Daniel Espinosa,1.6985714285714286
Daniel Krige,2.0
Daniel Lee,1.87
Daniel Monzón,3.39
Daniel Myrick,4133.33
Daniel Petrie,1.43
Daniel Sackheim,0.79
Daniel Schechter,0.02
Daniel Scheinert,1.4
Daniel Stamm,37.63
Daniela Thomas,0.37
Daniele Luchetti,1.29
Danny Boyle,4.876153846153846
Danny Cannon,0.9333333333333332
Danny DeVito,1.62
Danny Leiner,4.145
Danny Pang,0.65
Danny Steinmann,9.97
Dany Boon,4.84
Dario Argento,0.295
Darren Aronofsky,11.834999999999999
Darren Lynn Bousman,22.853333333333335
Darren Moloney,1.75
Darren Stein,1.03
Dave Bullock,1.49
Dave Filoni,8.03
Dave Green,2.65
Dave McKean,0.22
Dave Meyers,2.54
David Anspaugh,2.54
David Atkins,0.34
David Ayer,3.0774999999999997
David Barrett,0.23
David Bowers,1.9780000000000002
David Boyd,2.38
David Bruckner,5.0
David Carson,3.16
David Chase,0.03
David Cronenberg,2.0015384615384617
David Dobkin,2.6
David E. Talbert,2.5700000000000003
David F. Sandberg,30.38
David Fincher,3.5549999999999997
David Frankel,3.494285714285714
David Gelb,19.43
David Gleeson,0.02
David Gordon Green,1.0687499999999999
David Hackl,10.54
David Hand,157.49666666666667
David Hogan,0.47
David Jacobson,0.345
David Kellogg,0.2
David Koepp,1.3699999999999999
David Lean,6.8275
David Leitch,3.72
David Leland,0.14
David Levien,0.5650000000000001
David Lowell Rich,0.93
David Lowery,53.419999999999995
David Lynch,79.57111111111111
David M. Rosenthal,5.02
David Mackenzie,1.1766666666666665
David Mamet,0.8999999999999999
David McNally,2.53
David Michener,2.76
David Michôd,0.195
David Moreau,4.69
David Moreton,0.58
David Nutter,1.17
David O. Russell,3.8200000000000003
David Palmer,7.2
David Posamentier,0.02
David Price,7.76
David R. Ellis,2.526
David Raynr,3.525
David Robert Mitchell,7.34
David S. Goyer,2.5500000000000003
David S. Ward,4.53
David Salle,0.1
David Schwimmer,1.1066666666666667
David Seltzer,1.385
David Siegel,0.18
David Silverman,7.03
David Slade,6.726666666666667
David Soren,2.505
David Twohy,1.638
David Von Ancken,0.07
David Wain,1.185
David Winning,1.8
David Wnendt,7.98
David Worth,9.8
David Yates,5.171666666666667
David Zucker,6.4799999999999995
Davis Guggenheim,11.8225
Dax Shepard,4.135
Dean DeBlois,3.0066666666666664
Dean Israelite,1.843333333333333
Dean O'Flaherty,0.04
Dean Parisot,1.69
Dean Wright,0.8
Deb Hagan,0.89
Deborah Kaplan,2.56
Debra Granik,6.92
Declan Donnellan,0.92
Declan Lowney,2.45
Deepa Mehta,0.03
Dejan Zečević,1.43
Delbert Mann,8.75
Delmer Daves,2.8
Delphine Coulin,0.05
Demian Lichtenstein,0.3
Denis Villeneuve,2.7239999999999998
Denise Di Novi,1.48
Deniz Gamze Ergüven,0.19
Dennie Gordon,1.75
Dennis Dugan,2.9633333333333334
Dennis Gansel,2.314
Dennis Hopper,7.77
Dennis Iliadis,2.18
Denys Arcand,0.43
Denzel Washington,2.19
Deran Sarafian,2.27
Derek Cianfrance,2.8000000000000003
Derek Lee,0.38
Dermot Mulroney,1378.0
Derrick Borte,0.7
Des McAnuff,0.46
Desmond Davis,2.74
Dewey Nicks,0.46
Dexter Fletcher,2.01
Diane English,3.13
Diane Keaton,0.9
Dick Maas,0.01
Dick Richards,0.8
Dinesh D'Souza,7.9799999999999995
Ding Sheng,2.04
Dito Montiel,0.33
Dmitri Meskhiyev,0.75
Dmitriy Dyachenko,3.96
Dmitriy Kiselev,2.4566666666666666
Dominic Sena,1.372
Dominik Moll,0.07
Dominique Othenin-Girard,2.33
Don Bluth,2.729
Don Coscarelli,21.195
Don Hahn,1.14
Don Hall,2.215
Don Mancini,2.07
Don McKellar,0.27
Don Michael Paul,0.8
Don Roos,2.2575
Don Scardino,0.91
Don Siegel,4.1875
Don Taylor,4.42
Donald Petrie,1.8885714285714286
Donna Deitch,6.86
Donovan Cook,5.49
Doug Atchison,2.37
Doug Bollinger,0.01
Doug Ellin,1.64
Doug Lefler,0.38
Doug Liman,6.105833333333333
Doug McHenry,2.98
Doug Sweetland,2.61
Douglas Aarniokoski,500000.315
Douglas Cheek,2.73
Douglas Day Stewart,1.15
Douglas McGrath,2.8442857142857143
Douglas Trumbull,0.68
Drake Doremus,9.49
Drew Barrymore,1.11
Drew Goddard,2.22
Duane Adler,8.13
Duke Johnson,0.71
Duncan Jones,3.0866666666666664
Duncan Tucker,13.35
Dustin Hoffman,5.41
Dwight H. Little,2.308333333333333
E. Elias Merhige,0.755
Ed Gass-Donnelly,3.04
Ed Harris,1.17
Ed Solomon,0.03
Eddie Murphy,2.03
Edgar Wright,4.782
Edmund Goulding,3.15
Eduardo Sánchez,4133.33
Edward Burns,2.5033333333333334
Edward Dmytryk,6.340000000000001
Edward Lachman,0.34
Edward Norton,1.23
Edward Sampson,3.79
Edward Zwick,2.299090909090909
Edwin L. Marin,3.23
Elaine May,0.26
Eldar Salavatov,0.86
Eleanor Coppola,1.34
Eli Craig,1.1
Eli Roth,8.605
Elia Kazan,5.461666666666667
Elia Suleiman,0.12
Elizabeth Allen Rosenbaum,1.92
Elizabeth Banks,7.66
Elizabeth Wood,0.29
Elliot Greenebaum,0.08
Elliott Lester,0.05
Emile Ardolino,19.724999999999998
Emmanuelle Bercot,0.01
Emmett Malloy,0.62
Engin Orbey,3.27
Enrique Gato,1.39
Eran Creevy,0.22
Eran Riklis,0.01
Eric Blakeney,0.16
Eric Bress,7.39
Eric Brevig,2.312
Eric Darnell,4.845
Eric Goldberg,3.715
Eric Larson,8.5
Eric Lavaine,2.39
Eric Leighton,2.78
Eric Nicholas,0.01
Eric Radomski,0.94
Eric Red,0.16
Eric Summer,0.08
Eric Toledano,16.41
Eric Wirix,1.94
Erich von Stroheim,0.36
Erick Zonca,0.22
Ericson Core,1.27
Erik Canuel,1.58
Erik Gandini,1.69
Erik Matti,0.44
Erik Poppe,1.21
Erik Van Looy,0.72
Ernest B. Schoedsack,14.88
Ernest R. Dickerson,1.595
Ernst Lubitsch,1.67
Espen Sandberg,1.875
Etan Cohen,2.8
Ethan Coen,4.4622222222222225
Ethan Maniquis,1.57
Eugene Abizov,2.26
Eugene Jarecki,0.03
Eugenio Derbez,18.01
Eugène Lourié,23.81
Evan Glodell,5.96
Evan Goldberg,1.5
Evgeniy Bedarev,1.21
Eytan Fox,0.23
F. Gary Gray,4.097272727272728
F. Javier Gutiérrez,3.32
F. Richard Jones,32.0
Farah Khan,4.14
Farhan Akhtar,1.97
Farren Blackburn,1.31
Fatih Akin,2.936666666666667
Fede Alvarez,10.805
Feng Xiaogang,2.17
Fenton Bailey,0.24
Fergal Reilly,4.79
Fernando León de Aranoa,0.04
Fernando Meirelles,4.46
Ferzan Ozpetek,1.17
Filipp Yankovsky,0.78
Flip van der Kuil,5.86
Florent-Emilio Siri,1.28
Floria Sigismondi,0.3
Florian Gallenberger,0.26
Florian Henckel von Donnersmarck,18.895
Floyd Mutrux,2.005
Ford Beebe,36.54
Forest Whitaker,5.09
Fran Rubel Kuzui,2.37
Franc. Reyes,4.65
Francine McDougall,1.21
Francis Ford Coppola,4.522777777777778
Francis Glebas,1.14
Francis Lawrence,4.305
Francis Veber,2.325
Franck Khalfoun,0.202
Franco Zeffirelli,1.75
Frank Borzage,6.25
Frank Capra,5.904
Frank Coraci,3.4785714285714286
Frank Darabont,2.39
Frank Henenlotter,0.08
Frank Lloyd,3.6799999999999997
Frank Marshall,1.8699999999999999
Frank Miller,1.7433333333333334
Frank Oz,1.5650000000000002
Frank Pierson,26.83
Frank Tashlin,2.37
Franklin J. Schaffner,4.694
François Girard,0.53
François Ozon,2.88
François Truffaut,0.06
Fred Dekker,0.4
Fred M. Wilcox,1.71
Fred Niblo,1.975
Fred Savage,3.03
Fred Schepisi,0.46
Fred Wolf,2.82
Fred Zinnemann,10.266
Frederik Du Chau,2.04
Fritz Kiersch,17.5
Fritz Lang,0.8233333333333334
Frédéric Auburtin,0.37
Frédéric Forestier,1.37
Fyodor Bondarchuk,1.988
Félix Enríquez Alcalá,0.27
Gabriel Range,0.08
Gabriele Muccino,4.32
Gaby Dellal,0.09
Galen T. Chu,3.89
Galt Niederhoffer,0.03
Ganesh Raj,5.11
Gareth Edwards,4.74
Gareth Evans,2.6799999999999997
Garry Marshall,6.216666666666666
Garth Davis,11.69
Garth Jennings,5.1674999999999995
Gary Chapman,0.56
Gary David Goldberg,1.3433333333333335
Gary Fleder,1.3083333333333333
Gary Goddard,0.79
Gary Goldman,1.2757142857142856
Gary McKendry,0.88
Gary Nelson,1.79
Gary Ross,3.8100000000000005
Gary Sherman,0.7100000000000001
Gary Shore,3.08
Gary Sinyor,0.7200000000000001
Gary Trousdale,9.713076923076922
Gary Winick,5.818
Gaspar Noé,0.07714285714285715
Gauri Shinde,2.44
Gautham Vasudev Menon,3.5666666666666664
Gavin Hood,1.7833333333333332
Gavin O'Connor,1.9933333333333334
Gaëtan Brizzi,1.14
Gene Fowler Jr.,24.39
Gene Kelly,2.105
Genndy Tartakovsky,5.07
Geoff Burrowes,0.28
Geoff Moore,0.02
Geoff Murphy,3.205
Geoffrey Sax,6.039999999999999
George A. Romero,65.89818181818183
George Armitage,0.14
George Clooney,2.1333333333333333
George Cukor,2.3066666666666666
George Fitzmaurice,3.99
George Gallo,0.01
George Hickenlooper,0.09
George Lucas,45.796666666666674
George Marshall,3.33
George Mendeluk,0.03
George Miller,34.56125
George Nolfi,2.55
George Ogilvie,2.94
George P. Cosmatos,1.8383333333333332
George Roy Hill,10.484
George Scribner,2.39
George Seaton,10.05
George Sidney,3.18
George Stevens,4.622
George T. Miller,3.205
"George Tillman, Jr.",1.4466666666666665
Giacomo Ciarrapico,0.37
Giancarlo Lui,1.34
Gil Junger,3.34
Gil Kenan,1.9125
Gilbert Adler,0.37
Gilles Lellouche,1.0
Gilles Paquet-Brenner,0.88
Gillian Armstrong,0.42
Gillo Pontecorvo,1.15
Gina Prince-Bythewood,2.313333333333333
Giulio Manfredonia,1.6
Giuseppe Capotondi,1.1
Giuseppe Tornatore,1.43
Gleb Orlov,11.11
Glen Goei,0.53
Glen Morgan,2.39
Glenn Ficarra,2.0959999999999996
Glenn Gordon Caron,2.33
Godfrey Reggio,0.24
Goldie Behl,0.22
Gonzalo López-Gallego,5.11
Goo Mo,1.0
Gordon Parks,3.7066666666666666
Gore Verbinski,2.7671428571428573
Goro Miyazaki,3.09
Graham Annable,1.8
Graham Baker,0.7233333333333333
Graham Heid,311.71
Grant Heslov,2.86
Greg Beeman,2.8
Greg Berlanti,2.26
Greg Coolidge,3.2
Greg McLean,10.56
Greg Mottola,3.428
Greg Strause,3.86
Greg Tiernan,4.11
Gregor Jordan,0.02
Gregory Hoblit,1.7525
Gregory Jacobs,8.28
Gregory Nava,3.0
Gregory Plotkin,7.81
Gregory Poirier,2.13
Gregory Widen,2.0
Greydon Clark,13.17
Griffin Dunne,3.015
Grégory Levasseur,2.13
Guillaume Canet,0.7066666666666667
Guillermo del Toro,2.06875
Gurinder Chadha,11.125
Gus Van Sant,2.648235294117647
Guy Ferland,1.11
Guy Green,4.54
Guy Hamilton,20.912
Guy Ritchie,3.42
Gábor Csupó,1.44
Gérard Depardieu,0.37
Gérard Krawczyk,4.52
Haile Gerima,2.69
Hal Ashby,0.06
Hal Haberman,0.01
Hal Needham,4.01
Hal Sutherland,0.41
Ham Tran,0.49
Hamilton Luske,98.23419354838708
Hanna Sköld,0.35
Hans Canosa,2.16
Hans Petter Moland,1.13
Harald Zwart,5.3774999999999995
Hari,3.705
Harish Shankar,2.29
Harley Cokeliss,3.0
Harmony Korine,6.34
Harold Becker,2.3049999999999997
Harold Cronk,3.225
Harold Ramis,2.7044444444444444
Harold S. Bucquet,1.64
Harry Baweja,0.25
Harry Beaumont,11.5
Harry Elfont,2.56
Harry Winer,0.54
Hart Bochner,0.48
Hatsuki Tsuji,1.46
Hayao Miyazaki,6.38875
Hayden Schlossberg,4.16
Hayley Cloake,0.01
Hector Babenco,0.04
Heidi Ewing,0.03
Hendel Butoy,1.1949999999999998
Henry Alex Rubin,3.085
Henry Bean,0.28
Henry Bromell,0.78
Henry Hathaway,3.796666666666667
Henry Hobson,0.05
Henry Joost,43.93
Henry King,1.1133333333333333
Henry Koster,4.869999999999999
Henry Selick,1.7775
Herbert Ross,4.45
Herschell Gordon Lewis,163.27
Hideaki Anno,5.13
Hideki Futamura,10.0
Hideo Nakata,4.526666666666666
Hiromasa Yonebayashi,3.93
Hironobu Sakaguchi,0.62
Homi Adajania,2.94
Hou Hsiao-hsien,0.04
Howard Deutch,1.294
Howard Hawks,4.3175
Howard Hughes,2.03
Howard McCain,0.14
Howard Storm,3.12
Hoyt Yeatman,1.95
Huck Botko,0.28
Hue Rhodes,0.03
Hugh Hudson,3.58
Hugh Johnson,0.16
Hugh Wilson,7.644000000000001
Hwang Dong-hyuk,14.32
Hélène Giraud,1.52
Iain Softley,1.1324999999999998
Ignas Jonynas,4.55
Igor Kovalyov,3.35
Igor Voloshin,0.14
Igor Zaytsev,3.51
Ilya Maksimov,0.77
Ilya Naishuller,1.43
Imtiaz Ali,1.9
Indar Dzhendubaev,0.1
Indra Kumar,8.55
Ingmar Bergman,0.95
Inna Evlannikova,0.26
Irvin Kershner,9.63
Irwin Allen,12.75
Irwin Winkler,5.03
Isabel Coixet,0.89
Isao Takahata,0.49
Israel Horovitz,1.51
Ivan Reitman,5.403571428571429
J Blakeson,1.985
J. Lee Thompson,2.1750000000000003
J. Mackye Gruber,7.39
J.B. Rogers,9.59
J.C. Chandor,2.2833333333333337
J.J. Abrams,4.264
J.J. Cohn,2.31
Jack Bender,1.58
Jack Clayton,3.3240000000000003
Jack Conway,4.59
Jack Kinney,1.97
Jack Nicholson,0.53
Jack Sholder,2.228
Jack Smight,6.536666666666666
Jaco Van Dormael,0.08
Jacob Aaron Estes,1.21
Jacob Gentry,5.0
Jacques Audiard,1.67
Jacques Perrin,0.56
Jacques Tourneur,29.85
Jade Castro,32.27
Jake Kasdan,3.0020000000000002
Jake Schreier,4.23
Jake Szymanski,2.34
Jalil Lespert,1.75
Jalmari Helander,0.88
James Algar,116.46333333333332
James Bobin,2.2
James Bridges,4.725
James Cameron,6.726363636363637
James Cox,0.49
James DeMonaco,17.91
James Duffy,5.41
James Fargo,8.105
James Foley,1.7283333333333333
James Goldstone,0.19
James Gray,0.782
James Gunn,3.6025
James Isaac,1.54
James Ivory,2.3275
James Komack,2.28
James L. Brooks,2.485
James Manera,0.17
James Mangold,3.735555555555556
James Marsh,5.523333333333333
James Mather,1.61
James McTeigue,1.2442857142857142
James Orr,0.77
James Ponsoldt,1.29125
James Sbardellati,0.93
James Toback,0.9019999999999999
James Vanderbilt,0.26
James Wan,28.216
James Watkins,5.246666666666667
James Whale,34.705000000000005
James Wong,2.2939999999999996
James Young,32.0
James Yukich,0.67
Jamie Babbit,0.87
Jamie Blanks,5.18
Jamie Travis,1.46
Jamie Uys,12.0
Jan Gissberg,19.6
Jan Ole Gerster,9.17
Jan Pinkava,4.16
Jan de Bont,3.9114285714285715
Jane Campion,8.595
Jane Lipsitz,2.73
Jared Bush,6.83
Jared Cohn,1.0
Jared Hess,30.037499999999998
Jarrad Paul,1.72
Jason Bateman,0.82
Jason Eisener,0.25
Jason Friedberg,2.836
Jason Moore,4.1579999999999995
Jason Reitman,8.85
Jason Stoddard,0.98
Jason Winer,1.14
Jason Zada,4.01
Jaume Balagueró,11.8
Jaume Collet-Serra,3.368
Javier Abad,1.5
Jay Chandrasekhar,2.5175
Jay DiPietro,0.02
Jay Duplass,0.44
Jay Oliva,1.47
Jay Roach,3.7077777777777774
Jay Russell,1.7
Jean Negulesco,2.72
Jean-Claude Van Damme,5.855
Jean-François Richet,1.18
Jean-Jacques Annaud,1.212142857142857
Jean-Luc Godard,0.78
Jean-Marc Vallée,3.804
Jean-Paul Rappeneau,0.43
Jean-Pierre Dardenne,0.98
Jean-Pierre Jeunet,3.4933333333333336
Jeannot Szwarc,3.423333333333334
Jeb Stuart,0.18
Jeethu Joseph,16.0
Jeff Baena,0.04
Jeff Blyth,1.63
Jeff Broadstreet,0.48
Jeff Burr,1.27
Jeff Newitt,1.97
Jeff Nichols,1.0260000000000002
Jeff Pollack,100.0
Jeff Schaffer,0.83
Jeff Tremaine,8.865
Jeff Wadlow,4.766666666666667
Jeffrey Blitz,0.66
Jeffrey Friedman,13.766666666666666
Jeffrey Nachmanoff,1.07
Jennie Livingston,7.56
Jennifer Chambers Lynch,0.32
Jennifer Finnigan,0.01
Jennifer Flackett,2.7
Jennifer Kent,3.34
Jennifer Lee,8.49
Jennifer Wynne Farmer,0.02
Jennifer Yuh Nelson,4.015000000000001
Jeremiah S. Chechik,1.42
Jeremy Garelick,3.47
Jeremy Haft,0.04
Jeremy Leven,0.89
Jeremy Passmore,0.01
Jeremy Saulnier,0.64
Jericca Cleland,0.44
Jerome Robbins,7.28
Jerrold Freedman,0.65
Jerry Jameson,2.0
Jerry Lewis,11.11
Jerry Rees,0.48
Jerry Zaks,0.56
Jerry Zucker,15.251249999999999
Jerusha Hess,0.44
Jesse Dylan,2.686666666666666
Jesse Peretz,0.935
Jessie Nelson,3.355
Jessy Terrero,0.93
Jiang Wen,0.55
Jill Culton,2.32
Jim Abrahams,8.065999999999999
Jim Fall,4.123333333333333
Jim Field Smith,2.49
Jim Gillespie,3.755
Jim Handley,36.54
Jim Henson,0.95
Jim Jarmusch,1.86
Jim Kohlberg,0.06
Jim Mickle,0.05
Jim Rash,5.04
Jim Sharman,94.08
Jim Sheridan,4.565
Jim Sonzero,0.79
Jim Wilson,0.11
Jim Wynorski,0.51
Jimmy Hayward,2.305
Jimmy T. Murakami,5.5
Jingle Ma,1.12
Joachim Rønning,1.875
Joachim Trier,0.01
Joby Harold,0.17
Jocelyn Moorhouse,1.95
Jodie Foster,1.75
Jody Hill,3.1
Joe Alves,4.29
Joe Carnahan,2.374
Joe Chappelle,3.5949999999999998
Joe Cornish,0.28
Joe Dante,5.0424999999999995
Joe Johnston,2.955714285714286
Joe Mantello,1.45
Joe Nussbaum,1.05
Joe Pytka,3.13
Joe Ranft,3.85
Joe Roth,0.39
Joe Russo,3.7433333333333336
Joe Wright,2.17
Joel Coen,3.8466666666666667
Joel Edgerton,11.800000000000002
Joel Gallen,4.15
Joel Schumacher,2.21
Joel Zwick,73.75
Johannes Roberts,8.04
John 'Bud' Cardos,34.0
John A. Davis,2.17
John Badham,19.325
John Bonito,1.11
John Boorman,4.619999999999999
John Bruno,0.19
John Cameron Mitchell,1.81
John Carl Buechler,5.904999999999999
John Carney,46.92666666666667
John Carpenter,43.76277777777778
John Crowley,3.3049999999999997
John Curran,0.5133333333333333
John Dahl,0.898
John Derek,1.27
John Erick Dowdle,7.308
John Flynn,1.875
John Ford,2.682727272727273
John Fortenberry,1.78
John Francis Daley,3.37
John Frankenheimer,1.4722222222222223
John G. Avildsen,101913.716
John Glen,4.791666666666667
John Glenn,0.06
John Guillermin,2.91625
John Gulager,1.7
John H. Lee,2.02
John Hamburg,3.1466666666666665
John Harrison,4.66
John Herzfeld,0.48
John Hillcoat,1.4728571428571429
John Hughes,18.035
John Huston,2.7528571428571427
John Hyams,0.09
John Ireland,3.79
John Irvin,1.562
John Krasinski,0.27
John Lafia,2.455
John Landis,6.459166666666666
John Lasseter,5.532
John Lee Hancock,3.251428571428572
John Lounsbery,59.35
John Luessenhop,2.26
John Madden,4.099090909090909
John Maybury,0.73
John McNaughton,3.36
John McTiernan,3.25
John Mellencamp,77.33
John Michael McDonagh,3.26
John Milius,4.335714285714286
John Moore,2.9057142857142857
John Musker,5.666153846153846
John Ottman,2.76
John Pasquin,8.63
John Patrick Shanley,2.55
John Payson,0.36
John Pieplow,0.57
John Pogue,89.17
John Polson,4.695
John R. Cherry III,6.27
John R. Leonetti,20.490000000000002
John Requa,2.0959999999999996
John Sanford,0.95
John Sayles,1.1066666666666667
John Schlesinger,4.1975
John Schultz,1.6066666666666667
John Singleton,2.762
John Stevenson,4.86
John Stockwell,1.0699999999999998
John Sturges,2.705
John Sullivan,13.36
John Swanbeck,0.53
John Waters,125.37
John Wayne,0.9633333333333334
John Wells,1.7100000000000002
John Whitesell,2.09
John Woo,2.551111111111111
Jon Amiel,1.7166666666666668
Jon Avnet,4.213333333333333
Jon Cassar,3.07
Jon Erwin,1.645
Jon Favreau,3.748333333333333
Jon Gunn,0.14
Jon Hurwitz,4.16
Jon Kasdan,1.75
Jon Lucas,6.449999999999999
Jon M. Chu,4.415
Jon S. Baird,1.82
Jon Turteltaub,4.333
Jonas Elmer,3.63
Jonas Åkerlund,0.05
Jonathan Barré,0.65
Jonathan Caouette,5330.34
Jonathan Dayton,12.57
Jonathan Demme,4.757142857142857
Jonathan Frakes,1.579090909090909
Jonathan Glazer,0.4
Jonathan Hensleigh,1.66
Jonathan Kaplan,1.218
Jonathan Kesselman,0.09
Jonathan Levine,2.2600000000000002
Jonathan Liebesman,3.135
Jonathan Lynn,2.368
Jonathan M. Goldstein,3.37
Jonathan Mostow,1.7874999999999999
Jonathan Nossiter,0.64
Jonathan Silverman,0.01
Jonathan Teplitzky,1.24
Jonathan van Tulleken,5.41
Joona Tena,1.1
Jordan Peele,50.49
Jordan Vogt-Roberts,3.06
Jorge Blanco,1.5
Jorge Dorado,0.28
Jorge R. Gutierrez,1.95
Jorma Taccone,0.61
Josef Rusnak,1.3266666666666664
Joseph Dorman,1.69
Joseph Kahn,1.16
Joseph Kosinski,2.3725
Joseph L. Mankiewicz,1.9083333333333332
Joseph McGrath,3.48
Joseph Ruben,2.95
Joseph Sargent,2.26
Joseph Zito,9.383333333333335
Josh Becker,0.01
Josh Boone,25.6
Josh Gordon,2.58
Josh Schwartz,0.82
Josh Trank,4.156666666666666
Joshua Logan,3.855
Joshua Marston,0.55
Joshua Michael Stern,1.915
Joshua Oppenheimer,0.44
Joshua Seftel,0.26
Joss Whedon,4.96
José Luis Cuerda,2.0
José Padilha,2.02
João Jardim,0.13
Juan Antonio Bayona,2.685
Juan Carlos Fresnadillo,4.28
Juan Diego Solanas,0.14
Juan José Campanella,9.035
Judd Apatow,3.7739999999999996
Jude Anthany Joseph,6.82
Jules Dassin,52.98
Julia Ducournau,1.17
Julian Gilbey,6.34
Julian Jarrold,1.46
Julian Schnabel,1.2149999999999999
Julie Anne Robinson,0.92
Julie Delpy,0.21
Julie Taymor,4.69
Julien Temple,0.39
Jun Falkenstein,1.52
Jun Lana,3.1
Justin Barber,1.29
Justin Chadwick,0.78
Justin Kerrigan,6.67
Justin Kurzel,0.9957142857142857
Justin Lin,3.0999999999999996
Justin Zackham,0.62
Jérôme Maison,15.92
K. S. Ravikumar,1.0
K. V. Anand,5.57
Kabir Khan,7.0
Kamal Haasan,2.13
Kang Hyeong-Cheol,13.52
Karan Johar,4.875
Karan Malhotra,4.42
Karen Moncrieff,0.46
Karen Oganesyan,0.4
Karen Shakhnazarov,0.65
Karey Kirkpatrick,4.29
Karl Zwicky,12.91
Kartal Tibet,10.88
Karthik Subbaraj,11.67
Karyn Kusama,1.405
Kasi Lemmons,0.4
Kat Coiro,0.03
Kate Barker-Froyland,0.01
Kathryn Bigelow,1.947142857142857
Katsuhiro Ōtomo,0.07
Katt Shea,0.85
Kazuaki Kiriya,1.02
Keanu Reeves,0.08
Keenen Ivory Wayans,4.491666666666666
Keith Bearden,0.01
Keith Gordon,0.04
Kelly Asbury,4.055
Kelly Fremon Craig,2.09
Kelsey T. Howard,0.01
Ken Annakin,2.375
Ken Hughes,3.48
Ken Kwapis,2.348333333333333
Ken Loach,3.52
Ken Russell,2.8833333333333333
Ken Scott,1.19
Ken Wiederhorn,1.48
Kenneth Branagh,4.617999999999999
Kenneth Johnson,0.11
Kenneth Lonergan,8.34
Kenny Ortega,1.41
Kerry Conran,0.83
Kevin Allen,1.11
Kevin Bray,1.2866666666666668
Kevin Costner,5.705
Kevin Greutert,6.505
Kevin Hooks,1.815
Kevin Lima,3.0375
Kevin Macdonald,3.885
Kevin Munroe,1.16
Kevin Reynolds,2.1759999999999997
Kevin Rodney Sullivan,2.4899999999999998
Kevin Smith,14.029230769230768
Kevin Tancharoen,2.07
Kevin Tenney,2.59
Kevin Williamson,0.69
Kevin Yagher,4.17
Khalid Mohammed,0.62
Kim Han-min,8.965
Kim Henkel,0.31
Kim Ki-duk,17.8
Kim Kwang-sik,5.27
Kim Tae-yong,0.78
Kimberly Peirce,3.2842857142857143
King Vidor,14.85142857142857
Kinji Fukasaku,3.36
Kinka Usher,0.44
Kirill Kozlov,2.4
Kirill Kuzin,1.51
Kirk De Micco,3.025
Kirk Jones,3.943333333333334
Kirk Wise,9.713076923076922
Kirk Wong,2.08
Kirsten Sheridan,2.64
Kiyoshi Kurosawa,4.95
Klay Hall,4.4
Kleber Mendonça Filho,0.38
Klim Poplavskiy,5.83
Kodi Rama Krishna,4.8
Koji Hashimoto,2.05
Konstantin Bronzit,0.43
Konstantin Maksimov,0.27
Kornél Mundruczó,0.13
Kris Pearn,3.18
Krish (Radhakrishna Jagarlamudi),3.73
Krishna D.K.,2.2
Kristian Levring,4.01
Kunal Deshmukh,0.8
Kunal Kohli,4.18
Kunihiko Yuyama,4.415000000000001
Kuntaa Nikkil,6.0
Kurt Neumann,4.29
Kurt Wimmer,0.655
Kyle Balda,9.585
Kyle Lawrence,0.08
Kátia Lund,9.29
Lake Bell,2.96
Lal,38.89
Lamont Johnson,1.1
Lana Wachowski,2.6675
Lance Hool,4.46
Lance Mungia,0.06
Larry Charles,8.645
Larry Clark,2.64
Larry Cohen,0.63
Lars von Trier,1.574
Lasse Hallström,4.22076923076923
Laura Lau,6.55
Lauren Lazin,26.03
Laurice Guillen,0.01
Laurie Collyer,0.31
Law Chi-Leung,0.01
Lawrence Guterman,1.56
Lawrence Kasdan,0.8733333333333334
Lee Daniels,3.1666666666666665
Lee David Zlotoff,2.11
Lee Harry,0.62
Lee Il-hyeong,0.1
Lee Sternthal,2.21
Lee Tamahori,1.482
Lee Toland Krieger,2.63
Lee Unkrich,5.33
Leena Yadav,1.24
Leigh Janiak,0.01
Leigh Whannell,10.43
Len Wiseman,3.1357142857142857
Lena Dunham,6.41
Lenny Abrahamson,5.9
Leonard Nimoy,5.1850000000000005
Les Clark,8.5
Les Mayfield,1.235
Lesli Linka Glatter,2.28
Leslie Zemeckis,0.1
Leslye Headland,3.98
Levan Gabriadze,62.88
Levent Semerci,6.75
Lewis Allen,1.19
Lewis Gilbert,10.396666666666667
Lewis Milestone,0.72
Lewis Teague,4.055
Lexi Alexander,0.49
Liam Lynch,0.61
Liang Xuan,18.66
Liev Schreiber,0.39
Lijo Jose Pellissery,2.45
Lilly Wachowski,2.6675
Lisa Cholodenko,9.92
Lisa Krueger,0.86
Liv Ullmann,0.91
Liz Friedlander,1.16
Lloyd Bacon,5.2
Lone Scherfig,2.603333333333333
Lorene Scafaria,1.145
Lorna Cook,1.53
Louis C.K.,4.0
Louis Leterrier,1.6225
Louis Malle,1.77
Lowell Sherman,11.0
Lu Chuan,0.89
Luc Besson,1.721818181818182
Luc Dardenne,0.98
Luc Jacquet,15.92
Luca Bercovici,35.0
Luca Miniero,11.114999999999998
Luca Vendruscolo,0.37
Lucia Aniello,2.25
Lucky McKee,0.3
Lucy Walker,0.13
Luis Llosa,3.415
Luis Mandoki,0.44
Luis Prieto,1.17
Luis Valdez,8.34
Luke Greenfield,2.8766666666666665
Luke Scott,1.1
Lynn Shelton,25.6
Lynne Littman,1.36
Lynne Ramsay,0.86
László Nemes,1.78
Léa Pool,0.03
M. Night Shyamalan,9.324666666666667
Mabrouk El Mechri,0.5766666666666667
Maccio Capatonda,2.5
Madonna,0.06
Maggie Carey,2.38
Mahesh Manjrekar,1.37
Majid Majidi,5.0
Maksim Pezhemskiy,5.95
Maksim Sveshnikov,1.77
Maksim Voronkov,0.05
Malcolm D. Lee,3.16375
Malcolm Leo,0.415
Malcolm Venville,0.02
Mamoru Oshii,1.1
Maneesh Sharma,1.83
Mani Ratnam,3.692
Mansoor Khan,2.17
Marah Strauch,0.22
Marc Abraham,0.13
Marc Caro,0.275
Marc Evans,0.12
Marc Forby,0.09
Marc Forster,3.04
Marc Lawrence,2.2266666666666666
Marc Webb,5.119999999999999
Marcel Langenegger,0.71
Marco Brambilla,2.79
Marco Schnabel,0.67
Marcos Martínez,1.5
Marcus Dunstan,33.53
Marcus Nispel,3.3328571428571427
Marcus Raboy,1.68
Marek Kanievska,12396383.0
Maren Ade,0.39
Marielle Heller,0.74
Mario Van Peebles,5.6
Marisa Silver,0.24
Marius Balchunas,2.92
Marjane Satrapi,0.12
Mark A.Z. Dippé,2.2
Mark Aldo Miceli,7.25
Mark Andrews,2.91
Mark Christopher,1.29
Mark Davis,0.25
Mark DiSalle,5.605
Mark Dindal,1.3
Mark Duplass,0.44
Mark Helfrich,2.37
Mark Herman,1.63
Mark Illsley,1.14
Mark Jones,9.51
Mark L. Lester,1.794
Mark Levin,2.7
Mark Linfield,7.27
Mark Mylod,1.52
Mark Neveldine,1.6183333333333334
Mark Osborne,2.6333333333333333
Mark Pavia,0.09
Mark Pellington,1.62
Mark Robson,10.690000000000001
Mark Romanek,2.4899999999999998
Mark Rosman,9.796666666666667
Mark Rydell,1.00125
Mark Sandrich,5.26
Mark Steven Johnson,1.7633333333333334
Mark Tarlov,0.73
Mark Tonderai,6.42
Mark Waters,2.5516666666666667
Marlon Brando,0.72
Marshall Brickman,0.22
Martha Coolidge,25.195
Martha Fiennes,0.01
Martin Brest,5.458333333333333
Martin Campbell,2.361818181818182
Martin Davidson,25.0
Martin Donovan,0.17
Martin Koolhoven,0.85
Martin Lawrence,6.39
Martin McDonagh,1.795
Martin Prakkat,3.11
Martin Ritt,1.7739999999999998
Martin Rosen,3.71
Martin Scorsese,3.050869565217391
Martín Hodara,0.36
Mary Agnes Donoghue,0.55
Mary Harron,4.9
Mary Lambert,1.96
Massy Tadjedin,1.09
Mastan Alibhai Burmawalla,2.64
Mathieu Kassovitz,2.285
Matt Bettinelli-Olpin,5.2
Matt Reeves,3.6625
Matt Ross,1.18
Matt Williams,2.25
Matthew Chapman,0.06
Matthew Cole Weiss,0.01
Matthew O'Callaghan,1.4
Matthew Robbins,0.78
Matthew Robinson,1.73
Matthew Vaughn,2.7449999999999997
Matthew Warchus,0.09
Matthijs van Heijningen Jr.,0.8
Mattia Torre,0.37
Maurice Hunt,0.51
Max Adams,0.01
Max Giwa,3.14
Max Joseph,1.85
Maya Forbes,0.21
Małgorzata Szumowska,0.23
McG,1.9750000000000003
Meiert Avis,0.12
Mel Brooks,15.376666666666665
Mel Gibson,7.675
Mel Smith,13.96
Mel Stuart,1.33
Melisa Wallack,0.07
Melissa Martin,1.71
Melvin Van Peebles,101.33
Menahem Golan,0.64
Menhaj Huda,0.17
Mennan Yapo,4.21
Merian C. Cooper,14.88
Mervyn LeRoy,3.64
Mia Hansen-Løve,0.13
Mic Rodgers,0.24
Michael Almereyda,0.78
Michael Anderson,4.076666666666667
Michael Apted,2.516666666666667
Michael Bay,4.048571428571428
Michael Brandt,0.22
Michael Burke,0.08
Michael Caton-Jones,1.225
Michael Cimino,1.3966666666666667
Michael Corrente,0.55
Michael Cristofer,0.84
Michael Cuesta,1.0366666666666666
Michael Curtiz,4.171428571428572
Michael D. Sellers,0.03
Michael Davis,0.69
Michael Dinner,0.72
Michael Dougherty,4.1
Michael Dowse,0.37666666666666665
Michael G. Bartlett,1.0
Michael Gornick,4.0
Michael Gottlieb,7.12
Michael Haigney,4.415000000000001
Michael Haneke,1.92
Michael Hoffman,1.38
Michael J. Bassett,1.395
Michael Karbelnikoff,0.88
Michael Lehmann,0.18
Michael Lembeck,3.1525
Michael Mann,1.909375
Michael Mayer,0.82
Michael McCullers,2.13
Michael Miller,3.75
Michael Moore,12.378333333333332
Michael O. Sajbel,0.67
Michael Pate,1.35
Michael Patrick Jann,1.06
Michael Patrick King,4.635
Michael Polish,0.43200000000000005
Michael Powell,0.56
Michael Pressman,3.12
Michael Radford,0.34
Michael Ritchie,2.766666666666667
Michael Rymer,1.65
Michael Sarne,0.6
Michael Schultz,2.425
Michael Showalter,14.44
Michael Spierig,1.56
Michael Steinberg,0.31
Michael Sucsy,6.54
Michael Tiddes,12.559999999999999
Michael Tolkin,1.04
Michael Wadleigh,29.07
Michael Winner,10.569999999999999
Michael Winterbottom,0.9366666666666666
Michaël R. Roskam,1.51
Michel Gondry,2.132857142857143
Michel Hazanavicius,8.9
Michelangelo Antonioni,0.14
Michele Placido,5.93
Mick Garris,0.85
Mick Jackson,13.234
Miguel Arteta,2.8499999999999996
Miguel Sapochnik,0.58
Mihalis Kakogiannis,27.0
Mikael Håfström,2.7783333333333338
Mikael Salomon,0.28
Mike Bigelow,1.02
Mike Binder,1.755
Mike Cahill,17.77
Mike Clattenburg,0.77
Mike Disa,0.45
Mike Figgis,6.97
Mike Flanagan,8.945
Mike Gabriel,3.77
Mike Gunther,0.11
Mike Hodges,1.42
Mike Johnson,2.93
Mike Judge,0.8866666666666667
Mike Leigh,2.5066666666666664
Mike Marvin,1.3
Mike McCoy,6.77
Mike Mills,1.25
Mike Mitchell,3.0042857142857144
Mike Newell,8.693333333333333
Mike Nichols,6.75
Mike Thurmeier,6.5600000000000005
Mike Tollin,1.105
Mikkel Brænne Sandemose,0.57
Miloš Forman,6.763333333333333
Mimi Leder,1.63
Mira Nair,0.8185714285714286
Mitch Davis,0.67
Mohit Suri,12.31
Monte Hellman,0.01
Morgan Freeman,0.02
Morgan Spurlock,219.825
Mort Nathan,0.43
Morten Tyldum,7.3999999999999995
Motonori Sakakibara,0.62
Muli Segev,2.13
Muriel Coulin,0.05
Måns Mårlind,0.6025
Nacho Vigalondo,0.21
Nadia Tass,1.47
Nalan Kumarasamy,38.71
Nancy Meyers,4.284285714285714
Nanette Burstein,12.826666666666666
Nat Faxon,5.04
Natalie Portman,0.55
Natalya Uglitskikh,0.65
Nate Parker,1.87
Nathan Frankowski,2.2
Nathan Greno,2.28
Nathan H. Juran,5.45
Neal Israel,6.41
Neeraj Pandey,2.52
Neil Abramson,2.64
Neil Burger,3.4325
Neil Jordan,2.6999999999999997
Neil LaBute,1.1266666666666667
Neil Marshall,0.655
Neil Nightingale,1.58
Neill Blomkamp,3.8833333333333333
Nelson Shin,0.97
Nettie Wild,0.26
Newt Arnold,7.87
Niall Johnson,109.85
Nicholas Hytner,3.06
Nicholas Jarecki,2.96
Nicholas Jasenovec,1.3
Nicholas Meyer,5.83
Nicholas Ray,1.7349999999999999
Nicholas Stoller,7.2475
Nick Cassavetes,3.975
Nick Castle,2.635
Nick Gomez,0.96
Nick Hamm,1.2
Nick Hurran,0.5549999999999999
Nick Love,1.69
Nick Moore,1.1
Nick Murphy ,0.04
Nick Ormerod,0.92
Nick Park,5.71
Nicolas Guy,4.84
Nicolas Winding Refn,3.7633333333333336
Nicole Conn,6.15
Nicole Holofcener,9.405
Nicolás López,0.03
Niels Arden Oplev,8.03
Nigel Cole,4.569999999999999
Nikhil Advani,0.9
Niki Caro,2.1866666666666665
Nikita Mikhalkov,1.405
Nikolaj Arcel,1.1033333333333333
Nikolay Lebedev,1.3233333333333333
Nima Nourizadeh,6.49
Nimród Antal,1.6525
Nitesh Tiwari,29.81
Noah Baumbach,4.08
Noam Murro,2.29
Nobuhiro Suwa,0.37
Noel Clarke,0.25
Noel Marshall,0.12
Nora Ephron,4.21
Norman Ferguson,19.255
Norman Jewison,5.091666666666666
Norman Mailer,0.17
Norman Wright,311.71
Norton Virgien,3.35
Oksana Bychkova,2.76
Olaf de Fleur Johannesson,0.01
Olatunde Osunsanmi,4.23
Ole Bornedal,6.1
Oleg Stepchenko,1.33
Oles Sanin,0.69
Olga Subbotina,0.63
Oliver Hirschbiegel,2.223333333333333
Oliver Parker,2.066666666666667
Oliver Schmitz,0.37
Oliver Stone,3.0895
Olivier Assayas,0.23
Olivier Megaton,5.075
Olivier Nakache,16.41
Omung Kumar,69.34
Oren Moverman,0.155
Oren Peli,12890.39
Oren Rudavsky,0.09
Orson Welles,15.18
Otto Preminger,4.28
Ovidio G. Assonitis,4.0
Oxide Pang Chun,0.65
P.J. Hogan,2.71625
Pa. Ranjith,3.96
Pablo Larraín,1.55
Paco Plaza,11.8
Pan Nalin,6.91
Panna Rittikrai,1.05
Paolo Sorrentino,0.6
Paolo Virzì,0.845
Park Chan-wook,2.342
Park Hoon-Jung,2216.69
Park Kwang-hyun,4197476.62
Parmeet Sethi,1.36
Pascal Chaumeil,5.44
Pat O'Connor,1.64
Patrice Leconte,0.83
Patricia Birch,1.15
Patricia Martínez de Velasco,2755584.0
Patricia Riggen,2.81
Patrick Alessandrin,0.59
Patrick Gilmore,0.44
Patrick Hughes,2.29
Patrick Lussier,3.8
Patrick Read Johnson,2.725
Patrick Tatopoulos,2.61
Patrik Forsberg,5.41
Patty Jenkins,6.53
Paul Abascal,0.83
Paul Auster,0.915
Paul Bartel,14.295000000000002
Paul Bolger,0.81
Paul Brickman,10.25
Paul Brizzi,1.14
Paul Feig,3.8433333333333333
Paul Fenech,19.72
Paul Flaherty,0.39
Paul Greengrass,3.5683333333333334
Paul Gross,0.57
Paul Haggis,6.664
Paul Johansson,0.31
Paul King,4.71
Paul Lynch,14.8
Paul Mazursky,6.5840000000000005
Paul McGuigan,1.145
Paul Michael Glaser,1.0666666666666667
Paul Satterfield,174.125
Paul Schrader,1.0716666666666668
Paul Thomas Anderson,1.21
Paul Tibbitt,4.21
Paul Verhoeven,2.8489999999999998
Paul W.S. Anderson,2.4749999999999996
Paul Weiland,2.12
Paul Weitz,6.92875
Pavel Chukhray,0.61
Pavel Sanaev,0.8600000000000001
Pawan Kumar,2.15
Paweł Pawlikowski,7.08
Pedro Almodóvar,5.9157142857142855
Penelope Spheeris,6.08
Penny Marshall,2.734
Pernilla August,1.6
Pete Docter,4.758
Pete Travis,2.3
Peter Atencio,1.37
Peter Berg,1.737
Peter Billingsley,2.45
Peter Bogdanovich,5.8425
Peter Cattaneo,37.125
Peter Chelsom,2.436666666666667
Peter Djigirr,0.15
Peter Faiman,32.955
Peter Farrelly,3.935625
Peter Hedges,2.74
Peter Hewitt,1.5799999999999998
Peter Howitt,3.84
Peter Hyams,1.1236363636363635
Peter Jackson,4.293846153846154
Peter Landesman,0.9833333333333334
Peter Lord,3.485
Peter MacDonald,3.0
Peter Medak,0.41500000000000004
Peter Merwin,0.93
Peter R. Hunt,12.61
Peter Ramsey,2.12
Peter Sattler,0.06
Peter Segal,2.13
Peter Sohn,1.9
Peter Sollett,1.835
Peter Spierig,1.56
Peter Stebbings,0.01
Peter Webber,1.64
Peter Weir,4.035
Peter Yates,4.390000000000001
Petter Næss,0.01
Peyton Reed,2.994
Phil Alden Robinson,2.84
Phil Joanou,1.38
Phil Lord,4.705
Phil Traill,1.445
Phil Tucker,62.5
Philip G. Atwell,1.62
Philip Kaufman,2.14375
Philip Saville,0.41
Philipp Stölzl,1.79
Philippe Caland,0.24
Phillip Noyce,2.170909090909091
Phyllida Lloyd,10.285
Pierre Coffin,12.2575
Pierre Morel,4.0600000000000005
Pitof,0.82
Pixote Hunt,0.825
Prabhu Deva,2.5
Prachya Pinkaew,4.53
Preston A. Whitmore II,1.21
Priyadarshan,1.5350000000000001
Puneet Issar,8.46
Pyotr Buslov,2.29
Q. Allan Brocka,0.44
Quentin Dupieux,0.2
Quentin Tarantino,6.779999999999999
R. Ravi Kumar,2.26
R.J. Cutler,7.17
R.J. Kizer,2.05
RZA,1.04
Rachel Grady,0.03
Rachel Perkins,1.0
Rachel Talalay,1.665
Rachid Bouchareb,1.58
Radha Bharadwaj,0.06
Radu Jude,0.08
Raj Nidimoru,2.2
Raja Gosnell,4.0525
Raja Menon,7.11
Rajiv Menon,1.0
Rajkumar Hirani,8.505
Rajkumar Santoshi,2.0
Rakeysh Omprakash Mehra,5.33
Ralph Bakshi,3.56
Ralph Fiennes,0.14
Ralph Nelson,0.86
Ralph S. Singleton,1.1
Ralph Zondag,2.78
Ram Gopal Varma,3.9579999999999997
Ram Madhvani,0.28
Raman Hui,7.3100000000000005
Ramin Bahrani,0.18
Ramón Menéndez,0.09
Rand Ravich,0.26
Randa Haines,3.18
Randal Kleiser,10.485000000000001
Randall Balsmeyer,0.55
Randall Miller,0.8524999999999999
Randall Wallace,3.8966666666666665
Randy Barbato,0.24
Ranjith,2.14
Raoul Walsh,1.07
Rawson Marshall Thurber,6.676666666666667
Ray Lawrence,0.19000000000000003
Raymond De Felitta,1.11
Reb Braddock,0.02
Rebecca Miller,0.47
Reggie Rock Bythewood,0.98
Reginald Hudlin,2.8040000000000003
Renat Davletyarov,1.59
Renata Litvinova,2.43
Renny Harlin,1.81
Reshef Levy,1.96
Reverge Anselmo,0.01
Rex Ingram,2.31
Reza Bagher,12.59
Rian Johnson,3.3666666666666667
Ribhu Dasgupta,0.95
Ric Roman Waugh,1.23
Ricardo de Montreuil,2.62
Rich Moore,4.845
Richard A. Colla,11.5
Richard Attenborough,2.92
Richard Benjamin,1.43
Richard Boleslawski,1.18
Richard Brooks,4.1925
Richard C. Sarafian,55.59
Richard Ciupka,0.15
Richard Curtis,4.703333333333333
Richard Donner,6.0840000000000005
Richard Dutcher,0.85
Richard Eyre,1.69
Richard Fleischer,3.3019999999999996
Richard Franklin,3.5
Richard Glatzer,8.78
Richard Greenberg,0.11
Richard J. Lewis,0.28
Richard Kelly,0.7783333333333333
Richard LaGravenese,1.7733333333333334
Richard Lester,9.143333333333333
Richard Linklater,2.9785714285714286
Richard Loncraine,1.1166666666666667
Richard Marquand,17.7
Richard Rich,0.914
Richard Rush,0.49
Richard Shepard,1.73
Richard Stanley,2.1
Richard Thorpe,3.33
Richard Wenk,2.52
Rick Famuyiwa,8.7075
Rick Rosenthal,7.773333333333333
Ricky Gervais,1.73
Ridley Scott,2.1660714285714286
Ringo Lam,1.4549999999999998
Rintaro,6.61
Risa Bramon Garcia,1.14
Ritesh Batra,4.24
Roar Uthaug,2.2
Rob Bowman,1.4220000000000002
Rob Cohen,4.2821428571428575
Rob Epstein,13.766666666666666
Rob Hardy,5.8
Rob Hedden,2.8
Rob Letterman,2.6128571428571425
Rob Marshall,3.96875
Rob McKittrick,6.21
Rob Minkoff,4.01
Rob Pritts,2.18
Rob Reiner,2.726153846153846
Rob Schmidt,2.27
Rob Sitch,1.1
Rob Thomas,0.58
Rob Zombie,3.1262499999999998
Robert Aldrich,9.7675
Robert Altman,4.775714285714286
Robert B. Weide,0.64
Robert Benton,6.875
Robert Bierman,0.36
Robert Butler,0.21
Robert C. Cooper,1.27
Robert Clouse,53.275
Robert D. Siegel,0.93
Robert D. Webb,9.0
Robert De Niro,0.73
Robert Eggers,11.55
Robert Greenwald,1.12
Robert Harmon,0.97
Robert Iscove,4.006666666666667
Robert Kurtzman,3.14
Robert Lieberman,0.645
Robert Longo,0.76
Robert Luketic,2.366
Robert Moresco,0.02
Robert Mulligan,3.36
Robert Parrish,3.48
Robert Patton-Spruill,0.02
Robert Pulcini,1.225
Robert Redford,1.5075
Robert Resnikoff,2.24
Robert Rodriguez,2.916875
Robert Rossen,3.8
Robert Schwentke,2.1133333333333333
Robert Stevenhagen,0.85
Robert Stevenson,8.975
Robert Stromberg,4.21
Robert Towne,0.03
Robert Wise,6.233333333333333
Robert Zemeckis,4.158333333333333
Roberto Andò,0.01
Roberto Benigni,3.118
Roberts Gannaway,3.02
Robin Budd,5.49
Rocky Morton,0.44
Rod Daniel,4.326666666666667
Rod Hardy,0.01
Rod Lurie,0.305
Rodman Flender,0.6499999999999999
Rodrigo Cortés,3.86
Rodrigo García,0.2866666666666667
Roger Allers,7.386666666666667
Roger Avary,0.28
Roger Christian,0.49
Roger Corman,6.428888888888888
Roger Donaldson,3.053636363636364
Roger Kumble,3.316666666666667
Roger Michell,2.8259999999999996
Roger Spottiswoode,1.0975
Roger Vadim,0.28
Rohan Sippy,3.91
Rohit Shetty,4.656666666666666
Roland Emmerich,2.808666666666667
Roland Joffé,0.5933333333333333
Rolf de Heer,0.825
Roman Karimov,6.76
Roman Polanski,2.6026666666666665
Roman Prygunov,4.72
Ron Clements,5.666153846153846
Ron Howard,3.271
Ron Krauss,0.18
Ron Shelton,2.024
Ron Underwood,3.706666666666667
Ronald F. Maxwell,0.23
Ronald Neame,16.91
Ronny Yu,2.1199999999999997
Ross Katz,1.87
Ross Kauffman,10.04
Rouben Mamoulian,2.34
Rowan Joffe,0.7
Rowdy Herrington,2.0
Ruben Fleischer,2.513333333333333
Rupert Sanders,1.8033333333333335
Rupert Wainwright,2.36
Rupert Wyatt,2.294
Russ Meyer,49.045
Russell Crowe,0.69
Russell Holt,0.45
Russell Mulcahy,1.045
Rusty Cundieff,3.705
Ry Russo-Young,2.01
Ryan Coogler,4.69
Ryan Fleck,3.915
Ryan Gosling,0.02
Ryan Murphy,1.985
Ryoo Seung-wan,5.44
Ryûhei Kitamura,0.135
Ryūichi Yagi,2.37
S. J. Surya,1.0
S. Lee Pogostin,0.44
S. Shankar,2.3000000000000003
S.R. Bindler,0.01
S.S. Rajamouli,6.176666666666667
Sabbir Khan,2.38
Safy Nebbou,0.43
Sajid Nadiadwala,2.5
Salim Akil,3.0766666666666667
Sam Fell,1.0233333333333334
Sam Firstenberg,10.5
Sam Levinson,0.09
Sam Liu,1.08
Sam Mendes,5.645714285714285
Sam Miller,4.08
Sam Peckinpah,5.4725
Sam Raimi,8.633076923076922
Sam Taylor,2.13
Sam Taylor-Johnson,14.28
Sam Wanamaker,4.57
Sam Weisman,0.39
Sammo Hung,1.48
Samuel Armstrong,116.74
Samuel Bayer,3.3
Samuel Fuller,1.6
Sanaa Hamri,1.64
Sangyoon Lim,2.1
Sanjay Gadhvi,6.109999999999999
Sanjay Leela Bhansali,2.87
Santiago Segura,1.26
Santosh Sivan,5.7
Sara Sugarman,1.96
Sarah Gavron,1.14
Saran,1.0
Saravana Subbiah,1.0
Sarik Andreasyan,4.1033333333333335
Satish Kaushik,2.0
Saul Dibb,0.61
Scott Cooper,2.733333333333333
Scott Derrickson,7.921666666666667
Scott Frank,0.86
Scott Hicks,2.686666666666667
Scott Mann,0.46
Scott McGehee,0.33499999999999996
Scott Moore,6.449999999999999
Scott Sanders,0.1
Scott Silver,0.27
Scott Speer,4.26
Scott Stewart,3.0060000000000002
Scott Walker,0.2
Scott Waugh,4.925
Sean Anders,2.31
Sean Baker,7.02
Sean Ellis,0.51
Sean McNamara,1.8050000000000002
Sean Penn,1.54
Sean S. Cunningham,108.64
Sebastian Gutierrez,0.01
Sekhar Kammula,6.0
Sergei Bodrov,1.335
Sergei Glezin,6.34
Sergei Loban,0.2
Sergey Bondarchuk,0.12
Sergio Leone,25.89
Seth Gordon,2.594
Seth MacFarlane,7.09
Seth Rogen,1.5
Shana Feste,1.5899999999999999
Shane Acker,1.61
Shane Black,2.796666666666667
Shane Carruth,32.56
Shane Meadows,3.44
Shari Springer Berman,1.225
Sharmeen Obaid-Chinoy,4.51
Sharon Maguire,8.67
Shawn Levy,3.4318181818181817
Shekhar Kapur,1.1485714285714288
Sheldon Lettich,2.6449999999999996
Shim Hyung-Rae,1.01
Shinji Aramaki,3.5733333333333337
Shinji Higuchi,5.13
Shoojit Sircar,2.615
Shuki Levy,1.8
Shunji Iwai,0.55
Shusuke Kaneko,1.39
Siddharth Anand,2.46
Siddique,19.475
Sidney J. Furie,1.14
Sidney Lumet,5.49
Sidney Poitier,168.57
Simon Brand,0.9
Simon Curtis,5.54
Simon Hunter,0.25
Simon J. Smith,2.375
Simon Verhoeven,0.24
Simon Wells,1.62
Simon West,2.261
Simon Wincer,1.47
Siva,3.22
Sngmoo Lee,0.26
Sofia Coppola,5.26
Sooraj R. Barjatya,2.86
Spencer Susser,0.05
Spike Jonze,1.6375
Spike Lee,1.4833333333333334
Sriram Raghavan,3.1
Srđan Dragojević,15.0
Stacy Peralta,1.22
Stacy Title,1.805
Stan Winston,1.25
Stanley Donen,2.6933333333333334
Stanley Kramer,7.96
Stanley Kubrick,4.77
Stanley Tong,10.33
Stefan Ruzowitzky,0.01
Stefan Schwartz,0.1
Stefen Fangmeier,2.49
Steffen Haars,5.86
Stephan Elliott,2.33
Stephen Anderson,0.48
Stephen Chbosky,2.57
Stephen Chow,7.763333333333333
Stephen Daldry,6.42
Stephen Frears,3.196923076923077
Stephen Gaghan,0.625
Stephen Gyllenhaal,0.45
Stephen Herek,2.677857142857143
Stephen Hillenburg,4.67
Stephen Hopkins,2.123333333333333
Stephen J. Anderson,1.13
Stephen Kessler,1.46
Stephen King,0.74
Stephen Milburn Anderson,0.01
Stephen Norrington,2.61
Stephen Roberts,2.97
Stephen S. Campanelli,0.01
Stephen Sommers,3.6350000000000002
Stephen St. Leger,1.61
Stephen T. Kay,1.3266666666666667
Stephen Verona,25.0
Sterling Van Wagenen,0.255
Steve 'Spaz' Williams,0.47
Steve Antin,1.63
Steve Barron,14.96
Steve Beck,1.95
Steve Bendelack,9.19
Steve Box,6.42
Steve Boyum,0.19
Steve Carr,3.697142857142857
Steve Carver,1.2075
Steve De Jarnatt,0.38
Steve Gordon,13.64
Steve Hickner,2.52
Steve James,5.63
Steve Martino,4.68
Steve McQueen,4.93
Steve Miner,6.4079999999999995
Steve Oedekerk,4.255
Steve Pink,2.065
Steve Purcell,2.91
Steve Rash,5.98
Steve Shill,3.69
Steve Trenbirth,6.78
Steven Bernstein,0.02
Steven Brill,4.166666666666667
Steven E. de Souza,2.84
Steven Hahn,0.22
Steven Knight,1.3699999999999999
Steven Lisberger,1.94
Steven Quale,3.26
Steven R. Monroe,0.29
Steven Seagal,0.98
Steven Shainberg,1.235
Steven Soderbergh,3.3095
Steven Spielberg,9.744242424242424
Steven Zaillian,0.38333333333333336
Stewart Hendler,1.0833333333333333
Stewart Raffill,0.29
Stig Bergqvist,3.43
Stig Lasseby,19.6
Stiles White,20.72
Stuart Baird,1.6833333333333336
Stuart Beattie,0.8500000000000001
Stuart Gillard,2.0
Stuart Gordon,0.8516666666666666
Stuart Hazeldine,2.87
Stuart Paton,40.0
Stuart Rosenberg,5.41
Stuart Townsend,0.11
Stéphane Aubier,0.65
Subodh Bhave,2.93
Sudha Kongara Prasad,7.0
Sujoy Ghosh,13.33
Sung-hoon Kim,6.58
Susan Buice,0.98
Susan Montford,0.07
Susan Seidelman,5.48
Susan Stroman,0.85
Susanna White,2.66
Susannah Grant,0.65
Susanne Bier,1.0
Svyatoslav Podgayevskiy,2.23
Svyatoslav Ushakov,0.26
Sydney Pollack,4.035
Sylvain Chomet,0.2925
Sylvain White,3.375
Sylvester Stallone,9.9
Sylvio Tabet,0.14
T. Hee,36.54
Tadayoshi Yamamuro,12.35
Taika Waititi,14.330000000000002
Takao Okawara,10.04
Takashi Miike,1.8250000000000002
Takashi Shimizu,10.155000000000001
Takashi Yamazaki,1.6500000000000001
Takeshi Kitano,1.27
Tamra Davis,4.026
Tarsem Singh,2.332
Tarun Mansukhani,2.0
Tate Taylor,4.13
Tay Garnett,4.23
Taylor Hackford,2.3733333333333335
Taylor Sheridan,16.8
Ted Berman,1.665
Ted Demme,1.0483333333333333
Ted Kotcheff,6.5
Ted Post,9.47
Teddy Chan,0.1366666666666667
Terence Davies,0.375
Terence Fisher,1.3
Terence Young,32.6525
Terrence Malick,1.165
Terry George,2.17
Terry Gilliam,3.275
Terry Jones,3.564
Terry Zwigoff,3.33
Tharun Bhascker Dhaassyam,27.5
Thea Sharrock,10.4
Theodore Melfi,6.725
Thom Eberhardt,2.875
Thomas Bezucha,0.87
Thomas Carter,2.5460000000000003
Thomas Gilou,4.123333333333334
Thomas J. Wright,2.01
Thomas Langmann,1.37
Thomas Schlamme,0.58
Thomas Szabo,1.52
Thomas Vinterberg,4.42
Thor Freudenthal,3.026666666666667
Ti West,0.1
Tian Xiao Peng,15.0
Tibor Hernádi,0.22
Til Schweiger,7.61
Tim Blake Nelson,0.11
Tim Burton,4.0200000000000005
Tim Fywell,1.11
Tim Hill,2.7649999999999997
Tim Johnson,2.663333333333333
Tim Miller,13.5
Tim Pope,1.38
Tim Robbins,3.58
Tim Story,3.6136363636363638
Timo Vuorensola,1.08
Timur Bekmambetov,5.135
Tinto Brass,1.34
Tobe Hooper,64.73666666666666
Toby Wilkins,7.72
Tod Browning,4.295
Tod Williams,59.17
Todd Edwards,3.4
Todd Field,0.57
Todd Graff,0.26
Todd Haynes,2.18
Todd Holland,2.38
Todd Lincoln ,0.57
Todd Phillips,4.096
Todd Robinson,0.10000000000000002
Todd Solondz,0.7474999999999999
Todd Stephens,1.49
Todd Strauss-Schulson,1.86
Togan Gökbakar,10.66
Tom Dey,1.55
Tom DiCillo,2.3
Tom Ford,1.3
Tom Gormican,3.26
Tom Gries,16.0
Tom Hanks,1.21
Tom Harper,26.5
Tom Holland,3.84
Tom Hooper,8.981
Tom Kalin,1.36
Tom Laughlin,100.0
Tom Mankiewicz,1.3166666666666667
Tom McCarthy,7.586666666666666
Tom McGrath,4.9750000000000005
Tom McLoughlin,6.49
Tom McNamara,2.09
Tom Putnam,0.49
Tom Savini,1.39
Tom Shadyac,3.497777777777778
Tom Tykwer,1.7300000000000002
Tom Vaughan,2.6566666666666667
Tomas Alfredson,2.7
Tommy Lee Jones,0.51
Tommy Lee Wallace,5.76
Tommy O'Haver,0.88
Tommy Wirkola,3.49
Tony Bancroft,3.38
Tony Bill,0.22
Tony Gilroy,2.2066666666666666
Tony Goldwyn,0.54
Tony Jaa,1.05
Tony Kaye,1.19
Tony Leech,3.4
Tony Maylam,0.71
Tony Randel,4.03
Tony Richardson,37.6
Tony Scott,3.6827777777777775
Toshio Masuda,1.16
Travis Cluff,426.64
Travis Knight,1.17
Trevor Wall,0.95
Trey Nelson,1.0
Trey Parker,1.59
Trish Sie,1.91
Tristan Aurouet,1.0
Troy Duffy,0.67
Troy Miller,2.07
Troy Nixey,1.48
Tsui Hark,2.41
Tyler Gillett,5.2
Tyler Perry,4.302
Udayan Prasad,0.02
Uli Edel,0.53
Ulrich Seidl,0.01
Ulu Grosbard,0.74
Uwe Boll,0.7775
V. Z. Durai,1.0
Vadim Perelman,1.03
Val Guest,3.48
Valerie Faris,12.57
Valerie Red-Horse,0.02
Valery Todorovsky,1.12
Vasanth,1.0
Venkat Prabhu,4.59
Vera Farmiga,0.42
Vetrimaran,3.21
Vic Armstrong,1.23
Vicky Jenson,4.466666666666667
Victor Fleming,31.6
Victor Nunez,1.25
Victor Salva,4.8149999999999995
Victor Saville,0.71
Vijay Krishna Acharya,4.67
Vikram Kumar,1.5
Vikramaditya Motwane,1.05
Viktor Shamirov,1.66
Vincent Gallo,1.58
Vincent Kesteloot,0.25
Vincent Paronnaud,0.12
Vincent Patar,0.65
Vincent Ward,0.84
Vincente Minnelli,1.6266666666666667
Vincenzo Natali,1.19
Vishal Bhardwaj,2.01
Vishnuvardhan,2.28
Vittorio De Sica,2.72
Vivek Agnihotri,0.82
Vladimir Bortko,0.67
Vladimir Grammatikov,0.32
Vladimir Shchegolkov,0.28
Vladlen Barbe,1.77
Vondie Curtis-Hall,0.24
W.S. Van Dyke,5.175
Wally Pfister,1.03
Walt Becker,5.145
Walt Dohrn,2.77
Walter Hill,1.7022222222222223
Walter Lang,4.68
Walter Murch,0.45
Walter Salles,0.8699999999999999
Warren Beatty,1.15
Wash Westmoreland,8.78
Wayne Beach,0.08
Wayne Kramer,0.43000000000000005
Wayne Wang,2.4911111111111115
Werner Herzog,0.57
Wes Anderson,2.35625
Wes Ball,7.67
Wes Craven,16.76823529411765
Wesley Ruggles,12.67
Wesley Strick,0.41
Whit Stillman,4.67
Wilfred Jackson,106.05851851851851
Will Canon,1.13
Will Finn,0.95
Will Gluck,3.463333333333333
Will Graham,5.41
Will Koopman,5.14
Will Speck,2.58
Willard Carroll,0.2
Willard Huyck,1.05
William A. Fraker,0.16
William A. Graham,0.26
William Beaudine,2.09
William Brent Bell,29.402500000000003
William Castle,55.56
William Dear,0.31
William Eubank,0.15
William Friedkin,8.559
William Keighley,1.96
William Malone,1.5899999999999999
William Monahan,0.19
William Nigh,2.06
William Phillips,0.06
William Riead,1.0
William Roberts,116.74
William Sachs,0.88
William Shatner,2.34
William Wyler,8.768333333333333
Wilson Yip,3.0066666666666664
Wim Wenders,1.9733333333333334
Wolfgang Becker,16.54
Wolfgang Petersen,2.627
Wolfgang Reitherman,22.104666666666667
Wong Kar-wai,6.796666666666667
Woody Allen,4.037916666666667
Wu Jing,6.67
Wuershan,7.52
Wych Kaosayananda,0.28
Xavier Beauvois,10.36
Xavier Dolan,0.71
Xavier Gens,2.09
Xavier Palud,4.69
Xu Zheng,94.55
Xue Xiaolu,16.67
Yaroslav Chevazhevskiy,4.55
Yash Chopra,6.33
Yasuo Furuhata,0.5
Yegor Konchalovsky,0.07
Yoon Je-kyoon,0.71
Yorgos Lanthimos,3.91
Yukihiko Tsutsumi,1.56
Yuriy Kara,0.01
Yvan Attal,0.55
Yvette Kaplan,0.81
Yôji Yamada,1.47
Yılmaz Erdoğan,4.65
Zach Braff,4.6175
Zacharias Kunuk,1.96
Zack Snyder,3.0675
Zal Batmanglij,0.37
Zana Briski,10.04
Zhang Chun,18.66
Zhang Yimou,3.0014285714285713
Zillah Bowes,5.0
Zoya Akhtar,1.69
Álex de la Iglesia,0.46
Émile Gaudreault,0.7
Éric Warin,0.08
