,production_company,movie_count,ganancia_total
0,.406 Production,1,229074524.0
1,120dB Films,2,521150.0
2,14 Luglio Cinematografica,1,1310673.0
3,1492 Pictures,3,44252799.0
4,1818,1,7496681.0
5,20th Century Fox Home Entertainment,2,61438389.0
6,20th Century Fox Television,3,219975096.0
7,21st Century Film Corporation,1,16945171.0
8,26 Films,2,216257024.0
9,29 fevralya,1,2415472.0
10,2929 Productions,5,221886616.0
11,2B Films,1,939101.0
12,2Plan2,1,385680446.0
13,3 Arts Entertainment,1,2259444.0
14,3311 Productions,1,136203.0
15,3B Productions,1,6174491.0
16,3L Filmproduktion GmbH,1,3106835.0
17,3b productions,1,27388767.0
18,40 Acres & A Mule Filmworks,5,93709522.0
19,47 Entertainment,1,217022588.0
20,4th Row Films,1,17782178.0
21,5 States,1,32005248.0
22,61* Productions Inc.,1,25461.0
23,7 Network,1,16000000.0
24,7 Pictures,1,3418141.0
25,72 Productions,1,62616646.0
26,72nd Street Productions,1,226497209.0
27,9.14 Pictures,1,11838218.0
28,A & A Release,1,41637263.0
29,A Band Apart,2,25953422.0
30,A Loopy Production LLC,1,90426405.0
31,A Private View,1,16374328.0
32,A&E IndieFilms,1,23000000.0
33,A&E Television Networks,1,1390172.0
34,A&M Films,2,19325131.0
35,A+E Studios,1,282000.0
36,A-1 Kino Video,1,358375603.0
37,A-Mark Entertainment,1,41624046.0
38,A. Ninety-Three Productions,1,6333135.0
39,A24,1,9833553.0
40,AARU Productions,1,214605.0
41,AB Svenska Ord,1,38755073.0
42,AB-PT Pictures Corp.,1,181096164.0
43,ABC Circle Films,2,894302.0
44,ABC Family,2,15419384.0
45,ABC Film A/S,1,11000000.0
46,ABC Pictures,2,58518246.0
47,ABS-CBN Film Productions,1,4300000.0
48,ADV Films,1,500000.0
49,AMLF,1,3877492.0
50,APT Films,1,85446075.0
51,ARP Sélection,2,34374201.0
52,ARTE,1,42345360.0
53,ARTE France Cinéma,4,134122482.0
54,AS Productions,1,470490832.0
55,AT&T,1,347434178.0
56,ATO Pictures,1,48126384.0
57,AV Pictures,1,413106170.0
58,AVCO Embassy Pictures,4,201542889.0
59,AVEK,1,28.0
60,Aardman Animations,1,47542841.0
61,Abandon Pictures,1,163644662.0
62,Abbott Vision,1,13521829.0
63,Academy Pictures,1,2402459.0
64,Act III Communications,2,82075932.0
65,Action International Pictures,1,101543.0
66,Active Entertainment,1,187145.0
67,Adela Pictures,1,463517383.0
68,Admire Productions Ltd.,1,20217080.0
69,After Dark Films,4,39689165.0
70,Agamemnon Films,1,14000000.0
71,Agat Films & Cie,1,3360800.0
72,Agav Films,1,3003169.0
73,Agencja Produkcji Filmowej,2,358622324.0
74,Aho & Soldan,1,41412709.0
75,AireCine,1,119772232.0
76,Akson Studio,1,367638.0
77,Alameda Films,1,1632.0
78,Alberta Filmworks,1,3021345.0
79,"Albfilm, Tirana",1,85154.0
80,Albina Productions S.a.r.l.,1,116207.0
81,Alce Producciones LTDA.,1,63100000.0
82,Alcina,1,15500000.0
83,Alcina Pictures,1,858591.0
84,Alcon Entertainment,4,232453818.0
85,Alex Jones Productions,1,56386.0
86,Alexander Groupe,1,3220371.0
87,Alexandra Films,1,13831503.0
88,Alexandre Films,1,2756.0
89,Alfama Films,1,14394097.0
90,Alia Films,1,60896147.0
91,Alianza Cinematográfica Española,1,88.0
92,Alicéléo,1,6110000.0
93,Aligator Producciones,1,3432342.0
94,Alive Films,1,110879513.0
95,All Girl Productions,1,1703282.0
96,All Media Inc.,1,54915.0
97,Allarts,1,3752426.0
98,Allegro Films,1,12534817.0
99,Alliance Atlantis Communications,5,219114253.0
100,Alliance Films,2,282426634.0
101,Allianz,1,1333124.0
102,Allied Artists,2,285919771.0
103,Allied Artists Pictures,5,80633689.0
104,Allied Film Makers,1,299171.0
105,Allied Filmmakers,1,6038942.0
106,Allied Stars,1,2203.0
107,Allied Vision,1,35134820.0
108,Alloy Entertainment,1,29010817.0
109,Almighty Dog Productions,1,7527232.0
110,Almond Tree Films,1,22942221.0
111,Alpha Cinematografica,1,8235661.0
112,Alphaville Films,1,29844753.0
113,Alpine Pictures,1,871368364.0
114,Alquimia Cinema,1,343816.0
115,Alta Films,1,76901.0
116,Alta Films S.A.,1,136400000.0
117,Alta Producción,1,9789651.0
118,Alta Vista Productions,7,35865543.0
119,Ambi Pictures,1,3923970.0
120,Ambience Entertainment,1,8454301.0
121,Amblin Entertainment,11,1356636536.0
122,Amblin Television,2,252380431.0
123,American Broadcasting Company (ABC),2,60781054.0
124,American Cinema Releasing,1,9622846.0
125,American Film Institute (AFI),1,921974.0
126,American International Pictures (AIP),18,586731337.0
127,American Playhouse,1,12303904.0
128,American Zoetrope,6,218614296.0
129,American-International Television (AIP-TV),1,81705746.0
130,Amicus Productions,3,247737331.0
131,Amuse Pictures,1,1600000.0
132,Anagram Produktion,2,128563979.0
133,Anchor Bay,1,3006000.0
134,Anchor Bay Entertainment,1,84025816.0
135,Andrew Lauren Productions (ALP),1,10047674.0
136,Andy Sidaris Company,1,1803009.0
137,Ang Lee Productions,3,228749913.0
138,Angel Productions,1,38505009.0
139,Angels & Airwaves,1,25000000.0
140,Angoa-Agicoa,1,92100.0
141,Animal Kingdom,1,152761.0
142,Aniplex,1,3849941.0
143,Anker Productions Inc.,1,122126687.0
144,Anna Lena Films,1,8176544.0
145,Anonymous Content,1,74237563.0
146,Antena 3 Films,1,60251371.0
147,Anthill Productions,1,200276000.0
148,Antiteater-X-Film,1,195735876.0
149,Antoinine Green Bridge,1,100544.0
150,Antron Media Production,1,4971340.0
151,Anxiety Island Entertainment,1,78378744.0
152,Aoi Promotion,1,5476793.0
153,Apatow Productions,1,783766341.0
154,Apipoulaï,1,1025491110.0
155,ApolloMovie Beteiligungs,1,203277636.0
156,ApolloProMovie,1,4354510.0
157,ApolloProScreen Filmproduktion,1,16566240.0
158,Apostle,1,101564935.0
159,Appian Way,2,5684489.0
160,Applause Pictures,3,192693310.0
161,Apple Corps,1,42285169.0
162,Arachnid Productions Ltd.,1,123572.0
163,Arc Entertainment,1,61279452.0
164,Arc Light Films,1,75395048.0
165,Arcade Pictures,1,376597.0
166,Arcani Pictures,1,1320005.0
167,Archipel 35,1,152930623.0
168,Ardent Films,1,90449929.0
169,Arenafilm,1,259175788.0
170,Argos Films,2,47050587.0
171,Argyle Enterprises,1,17762705.0
172,Ariane Films,1,8613462.0
173,Aries Film International,1,16863583.0
174,Aries [jp],1,1960.0
175,Arizona Films,1,48911.0
176,Armada Films,1,16136.0
177,Arrowstorm Entertainment,2,88621650.0
178,Art Theatre Guild,2,358982861.0
179,Artanis Productions Inc.,1,21202829.0
180,Arte,7,1087406189.0
181,Arte France Cinéma,1,16810383.0
182,Artes Productions,1,2294357.0
183,Artisan Entertainment,5,206076543.0
184,Artistes Alliance Ltd.,1,34694.0
185,Artists Entertainment Complex,2,35021439.0
186,Artists Public Domain,1,85564310.0
187,Arts Council of England,7,265872575.0
188,Arts Council of Great Britain,1,26049082.0
189,Artémis Productions,1,3897569.0
190,Arwin Productions,1,6792000.0
191,Ascot Elite Home Entertainment,1,36782781.0
192,Ashok Kumar Productions,1,11787127.0
193,Aspiration Films,1,3547209.0
194,Associated British Picture Corporation,1,249288105.0
195,Associated British-Pathé,1,81071.0
196,Associated Players & Producers,1,4607608.0
197,Associated Producers (API),2,12534964.0
198,Association coopérative des productions audio-visuelles (ACPAV),1,60765.0
199,Asylum Entertainment,1,53647.0
200,"Asylum, The",2,86428927.0
201,Asymmetrical Productions,1,67631903.0
202,At Group,1,142337240.0
203,Atchafalaya,1,14743391.0
204,Athanor,1,461983149.0
205,Atlantic Entertainment Group,2,29502000.0
206,Atlantic Releasing Corporation,1,354704.0
207,Atlantic Streamline,1,105610124.0
208,Atlantis Films,1,374743.0
209,Atlas Entertainment,2,143254695.0
210,Atmo Media Network,2,70851801.0
211,Atom Factory,1,187112.0
212,Atípica Films,1,4453524.0
213,August Entertainment,1,49042224.0
214,Aunt Max Entertainment,1,42664410.0
215,Aura Films,1,12036149.0
216,Aurora Productions,2,41890240.0
217,Australian Film Commission,1,14904.0
218,Australian Film Finance Corporation,1,294804195.0
219,Australian Film Finance Corporation (AFFC),3,152079157.0
220,Autonomous,1,54600000.0
221,Available Light Productions,1,113309743.0
222,Avala Film,3,67017147.0
223,Avalon P.C.,1,11666088.0
224,Avalon Productions,1,3566225.0
225,Avalon Studios,1,2201126.0
226,Avenue Pictures Productions,5,162729095.0
227,Aviacsa,1,21665468.0
228,Aviva Entertainment,1,14296438.0
229,Avon Production,1,10750000.0
230,Ayngaran International,1,349779543.0
231,Azalea Pictures,1,9713500.0
232,Azor Film,1,16803753.0
233,BAV Film,1,263404.0
234,BBC,4,56748931.0
235,BBC Arena,1,591794936.0
236,BBC Cymru Wales,1,17808683.0
237,BBC Films,17,1474209268.0
238,BBC Natural History Unit,1,25.0
239,BBC Two,1,9250000.0
240,BBC Worldwide,1,56070433.0
241,BIG Pictures,1,12000000.0
242,BIM Distribuzione,3,840154408.0
243,BLT Productions,1,11373501.0
244,BR Petrobrás,1,300257475.0
245,Baa-Ram-Ewe,2,42376154.0
246,Babe Films,1,101236.0
247,Baby Cow Productions,1,183640.0
248,Babylonian Productions,3,81372758.0
249,Bac Films,5,568763980.0
250,Bad Biology,1,53000000.0
251,Bad Lt. Productions,1,25105517.0
252,Balaji Motion Pictures,1,336472.0
253,Ballinran Productions,1,150000000.0
254,Baltimore Spring Creek Productions,1,631744560.0
255,Bam-Ram-Ewe,1,3983997.0
256,Bandai Films,1,2800.0
257,Bandai Visual,2,184118164.0
258,Bandai Visual Company,5,161180342.0
259,Bandai Visual Company (JAPAN),2,137326481.0
260,Bandaï Media Department,1,299261.0
261,Bandora,1,220151.0
262,Banger Productions,1,6971266.0
263,Barna-Alper Productions,1,19152480.0
264,Barnet Bain Films,1,35401758.0
265,Barton Films,1,2000000.0
266,Barunson Film Division,1,10000000.0
267,Barwood Films,1,6746000.0
268,Basara Pictures,1,80768.0
269,Batjac Productions,3,1239101700.0
270,Battleplan Productions,2,362613015.0
271,Baum/Dantine Productions,1,11800000.0
272,Bavaria Film,5,63099676.0
273,Bavaria Filmverleih- und Produktions GmbH,1,32251.0
274,Bawalco Picture Company,1,27046.0
275,Baweja Movies,1,30800231.0
276,Bayerischer Rundfunk (BR),1,192816.0
277,Bazelevs Production,5,27910211.0
278,Beacon Communications,1,524668.0
279,Beaver Films,1,8692426.0
280,Beaver-Champion Attractions,1,1750000.0
281,Becker & Häberle Filmproduktion GmbH,1,28814580.0
282,Beco Films,2,47033981.0
283,Bedford Falls Productions,1,160638883.0
284,Beijing New Picture Film Co. Ltd.,1,12355798.0
285,Bel Air Entertainment,2,10032241.0
286,Belarusfilm,1,9816332.0
287,Belladonna Productions,1,1503616.0
288,Belstar Productions,1,32056467.0
289,Belstone Pictures,1,809000.0
290,Ben Katz Productions,1,42931041.0
291,Benaroya Pictures,1,45300000.0
292,Benedict Bogeaus Production,1,3537961.0
293,Benedict Pictures Corp.,1,4000000.0
294,Benmar Productions,1,38610009.0
295,Bennett-Robbins Productions,1,29251596.0
296,Bergen Film,1,264118201.0
297,Bernhard-Brandt Productions,1,51155219.0
298,Berns Brothers Productions,1,121.0
299,Bert E. Friedlob Productions,2,10221483.0
300,Beta Film,3,15498757.0
301,Better Than,1,3176880.0
302,Beverly Detroit,1,39103425.0
303,Beyond Films,1,368234.0
304,Big Arty Productions,1,2725258.0
305,Big Beach Films,1,1110566.0
306,Big Deal Pictures,1,30626182.0
307,Big Easy Pictures,1,10337477.0
308,Big Idea Productions,1,10011050.0
309,Big Picture Media Corporation,1,603943.0
310,Big Screen Entertainment Group,2,202176112.0
311,Big Sister Production,1,127251.0
312,Bigel / Mailer Films,1,44527234.0
313,Bigelow Productions,1,13167232.0
314,Billy Jack Enterprises,1,196781193.0
315,Bioskop Film,2,42716963.0
316,Black Balloon Productions,1,17164377.0
317,Black Chalk Productions,1,21520719.0
318,Black Hawk Entertainment,1,30199105.0
319,Black Orange,1,14947.0
320,Blaustein-Baroda,1,40828540.0
321,Blaze Film Enterprises,1,27412220.0
322,Bleiberg Entertainment,1,152810.0
323,Blind Spot Pictures Oy,1,2426851.0
324,Block 2 Pictures,2,16135639.0
325,Bloody Disgusting,1,7171.0
326,Blue Askew,1,8000000.0
327,Blue Dolphin Film Distributors,1,72287783.0
328,Blue Parrot Productions,1,23341568.0
329,Blue Rider Pictures,2,415513353.0
330,Blue Sky Studios,2,148104695.0
331,Blueline Films,1,18599102.0
332,Blumhouse Productions,1,4600000.0
333,Blumhouse Television,1,28883511.0
334,Blurco,1,623.0
335,Bocaboca Producciones S.A.,1,112462508.0
336,Bodega Films,1,18686644.0
337,Boje Buck Produktion,2,371214537.0
338,Bold Films,1,5000000.0
339,Boll Kino Beteiligungs GmbH & Co. KG,3,852659732.0
340,Bones Studio,1,2400000.0
341,Boogui Cinema,1,84967.0
342,BorderLine Films,1,207945075.0
343,Bosna Film,1,92380927.0
344,Box Office Spectaculars,1,4000000.0
345,Boy Wonder Films,1,1300000.0
346,Brains Base,1,1397284.0
347,Brandenberg,1,242623.0
348,Brandywine Productions Ltd.,1,8690429.0
349,Braun Entertainment Group,1,1718328.0
350,Bridge Films,1,69700000.0
351,Brightstar Films,1,14681192.0
352,Brillstein-Grey Entertainment,1,71073932.0
353,British Broadcasting Corporation (BBC),13,395343311.0
354,British Columbia Film,2,32301472.0
355,British Film Institute (BFI),2,59800516.0
356,British Lion Film Corporation,2,9760983.0
357,British Lion Films,1,1432687.0
358,Bron Studios,1,500000.0
359,Brooksfilms,3,77155624.0
360,Brooksfilms Ltd.,1,1382462.0
361,Brookwell-McNamara Entertainment,1,2365467.0
362,Brookwood Entertainment,1,116643346.0
363,Bruce Cohn Productions,1,100525432.0
364,Bryan Foy Productions,1,58795814.0
365,Bryna Productions,2,51038530.0
366,Buena Vista,2,57946713.0
367,Burnside Entertainment,1,18130888.0
368,Busboy Productions,1,63372757.0
369,Buster Keaton Productions,5,89987519.0
370,Bystorm Films,1,292279.0
371,Böcek Yapım,1,55011732.0
372,C.B. DeMille Productions,1,31576.0
373,C.G. Silver Film,1,26501323.0
374,C.V. Whitney Pictures,1,140000000.0
375,CAPAC,1,25174316.0
376,CARTEL S.A.,1,1531251.0
377,CBS Entertainment Productions,2,32681309.0
378,CCC Filmkunst GmbH,1,1400000.0
379,CITA Films,1,243400000.0
380,CJ Entertainment,4,952581291.0
381,CTB Film Company,4,637676173.0
382,Cabin Creek Films,1,3572443.0
383,Calder Road Film,1,3919254.0
384,Cameo Film- und Fernsehproduktion,1,8009329.0
385,Camera 2 Productions,1,21821347.0
386,Campfire LLC,1,425368238.0
387,CanWest Global Communications Corporationt,1,90874570.0
388,Canadian Film Development Corporation (CFDC),4,21997340.0
389,Canal Plus,9,940872818.0
390,Canal+,13,644946931.0
391,Canal+ Espana,1,1822250.0
392,Canana Films,1,69564.0
393,Cannes Film Festival,1,643034466.0
394,Cannon Films,6,343694205.0
395,Cannon Group,9,354444286.0
396,Capcom,1,40120144.0
397,Capitol Films,4,256339942.0
398,Capitole Films,1,361366633.0
399,Cappa Productions,1,5101756.0
400,Capricci Films,1,74000000.0
401,Caravan Pictures,9,657135322.0
402,Carlmar Film,1,11.0
403,Carmel Entertainment,1,108979549.0
404,Carousel Picture Company,1,4245870.0
405,Casa de Filme Trei,1,17872796.0
406,Casablanca Filmworks,1,100000000.0
407,Casey Silver Productions,1,5001655.0
408,Castel Film Romania,4,340541656.0
409,Castel Films,1,48298.0
410,Castle Rock Entertainment,13,1138116482.0
411,Castleberg Productions,1,718490.0
412,CatchPlay,1,573335.0
413,Catchlight Films,1,52223306.0
414,Cattleya,1,156505388.0
415,Caviar Films,1,35991087.0
416,Ce Qui Me Meut,1,21766271.0
417,Cecchi Gori Group Tiger Cinematografica,3,45392091.0
418,Celador Films,1,121147947.0
419,Celebrated Productions,1,11390479.0
420,Celluloid Dreams,3,782216940.0
421,Centar Film,1,6455530.0
422,Central Films Limited,1,72108608.0
423,Central Motion Pictures,1,516642939.0
424,Central Partnership,2,91240456.0
425,Centre National de la Cinématographie,4,82773422.0
426,Centropolis Entertainment,2,205513499.0
427,Century 21 Television,2,284981157.0
428,Cerito Films,1,35402320.0
429,Ceskoslovenský Státní Film,1,3142154.0
430,Ceská Televize,2,98877825.0
431,Chadwick Pictures Corporation,1,369975.0
432,Chaiken Films,1,3225000.0
433,Channel 4 Television,1,189712432.0
434,Channel 4 Television Corporation,1,414211549.0
435,Channel Four Films,22,1249817641.0
436,"Chaos, a Film Company",1,226830568.0
437,Charles Chaplin Productions,3,219329182.0
438,Charles K. Feldman Group,1,1910.0
439,Charles M. Schulz Creative Associates,1,17112713.0
440,Charter Film Productions,1,34533783.0
441,Chassy Media,1,1776333.0
442,Cheap and Dirty Productions Inc.,1,415440673.0
443,Chenault Productions,1,12729678.0
444,Cherokee Productions,1,56299.0
445,Cherry Sky Films,1,46495.0
446,Cheyenne Enterprises,1,57223890.0
447,Chili Film,1,108782847.0
448,China Film Co-Production Corporation,3,119514939.0
449,China Film Company,1,16971.0
450,Christal Films,1,62985.0
451,Christiano Film Group,1,23000.0
452,Chromewood Productions,1,245527149.0
453,Ciby 2000,2,36252726.0
454,Cicrus King Productions,1,449326618.0
455,Cinamour Entertainment,1,1119368.0
456,Cine Bazar,1,52424533.0
457,Cine Films Inc.,1,52164.0
458,Cine-2000 Film Production,1,101595121.0
459,CineEvelyn,1,154906693.0
460,Cineclick Asia,1,11260366.0
461,Cinema 175,1,6000000.0
462,Cinema 7,1,4137645.0
463,Cinema 77,2,13484331.0
464,Cinema Center Films,4,512846356.0
465,Cinema City,1,14182492.0
466,Cinema Service,1,429632142.0
467,Cinematografica Emmeci,1,26888376.0
468,Cinematograph AB,1,21134374.0
469,Cineplex,1,60289912.0
470,Cineplex-Odeon Films,2,214695279.0
471,Cinerama Productions Corp.,1,5151936.0
472,Cinergi Pictures Entertainment,1,24332324.0
473,Cineriz,1,5000000.0
474,Cinetel Films,4,15065527.0
475,Cinevent,1,73121.0
476,Cineville,1,858250.0
477,Cinevox Filmproduktion GmbH,1,24046533.0
478,Ciné Cri De Coeur,1,58978653.0
479,Ciné Tamaris,1,23430766.0
480,Ciné-Alliance,1,96105964.0
481,CinéCinéma,2,77393.0
482,Cinéa,2,1348785.0
483,Cinémaginaire Inc.,1,631083.0
484,Circle Films,1,54682547.0
485,Circle Productions Inc.,1,86865564.0
486,Citel Films,2,34973057.0
487,Citizen Films,1,30238577.0
488,Citizen Skull Productions,1,1957000.0
489,City Film,1,216166.0
490,City Light Films,1,14393902.0
491,Cité Films,1,1221832.0
492,Civilian Pictures,1,151493655.0
493,Claussen + Wöbke Filmproduktion GmbH,2,30256285.0
494,Claussen Wöbke Putz Filmproduktion,1,269994119.0
495,Clear Blue Sky Productions,1,109130.0
496,Clinica Estetico,1,72527595.0
497,Clover Productions,1,21000000.0
498,CoPilot Pictures,1,4505.0
499,Cobalt Media Group,1,31179516.0
500,Cocinor,1,3983912.0
501,Code Entertainment,1,9000000.0
502,Cofimage 5,1,12643776.0
503,Cofinova 3,1,129540499.0
504,Cofinova 4,1,19560274.0
505,Cofinova 6,1,200406.0
506,Cofinova 7,1,25.0
507,Cold Iron Pictures,2,391081193.0
508,Colliding Pictures,1,426480871.0
509,Collision Entertainment,1,85167639.0
510,Columbia Films S.A.,1,4430765.0
511,Columbia Pictures,120,8304015154.0
512,Columbia Pictures Corporation,98,6133551100.0
513,Columbia Pictures Film Production Asia,2,132018783.0
514,Columbia Pictures Industries,1,6482195.0
515,Columbia Pictures Television,1,85582407.0
516,Columbia TriStar,2,13523006.0
517,Columbia Tristar,1,113916474.0
518,Comedy Central,3,139683307.0
519,Comenius-Film GmbH,1,8720000.0
520,Comet Film Produktion GmbH,1,1.0
521,Comique Film Company,1,10089373.0
522,Compact Yellowbill,1,100655.0
523,Compagnia Cinematografica Champion,1,86432000.0
524,Company Films,1,66980456.0
525,Compass International Pictures,2,30573530.0
526,Concorde Pictures,1,5638000.0
527,Condemned Productions,1,229736344.0
528,Conquering Lion Pictures,1,1606624.0
529,Conspiração Filmes,1,102471.0
530,Constantin Film,2,164433902.0
531,Constantin Film Produktion,1,5475058.0
532,Constellation Films,1,1500000.0
533,ContentFilm International,2,160181797.0
534,Contradiction Films,1,216972543.0
535,Contrafilm,1,203781.0
536,Conundrum Entertainment,1,147880543.0
537,Coop 99,4,14374158.0
538,Coop99 Filmproduktion,1,1864266.0
539,Copa Productions,1,4634062.0
540,Copa del Oro,1,119723856.0
541,Copperheart Entertainment,1,6700000.0
542,Coproduction Office,1,44434439.0
543,Coquette Productions,1,121463226.0
544,Corey Marr Productions Inc.,1,102617.0
545,Corn Cobb Productions,1,57469467.0
546,Corner Store Entertainment,1,154984035.0
547,Corona Cinematografica,1,229147509.0
548,Corona Pictures,1,115922175.0
549,Corsair Pictures,1,49797148.0
550,Corsan Productions,1,12000.0
551,Cote Blanche Productions,1,6797218.0
552,Cream Productions,1,9318.0
553,Creative Entertainment Group,1,135039.0
554,Creative Light Entertainment,1,460978.0
555,Critérion Film,1,5093707.0
556,Crook Brothers Productions,1,28169671.0
557,Crossbow Productions,2,48901218.0
558,Crown International Pictures,2,455083365.0
559,Crusader Entertainment,1,16930185.0
560,Crystal Sky Pictures,1,92601050.0
561,Crystal Sky Worldwide,1,3109904.0
562,Cube Vision,1,11125849.0
563,Cue the Dog Productions,1,1305887.0
564,Cut Glass Productions LLC,1,658000.0
565,D&R,1,153962963.0
566,D.R. Comunicazioni di massa,1,2451545.0
567,D.W. Griffith Productions,1,1103757.0
568,DC Comics,7,344053311.0
569,DENTSU Music And Entertainment,1,54418872.0
570,DNA Films,2,274511539.0
571,Da Huang Pictures,1,66486080.0
572,Dacia Films,1,14715067.0
573,Daiei Motion Picture Company,1,149295601.0
574,Daiei Studios,8,432144781.0
575,Daly-Harris Productions,1,117487473.0
576,Dan Films,1,74901339.0
577,Danger Filmworks,1,33616692.0
578,Dangerous Films,1,114000000.0
579,Dania Film,1,22743674.0
580,Danmarks Radio (DR),1,21833.0
581,Dansk Biograf Compagni,1,5837674.0
582,Danziger Productions Ltd.,1,35007180.0
583,Dark Castle Entertainment,1,141195658.0
584,Dark Horse Entertainment,1,5774854.0
585,Dark Maze Studios,1,11000000.0
586,Darkwoods Productions,1,7537453.0
587,Das Kleine Fernsehspiel (ZDF),1,166775.0
588,Dauntless Productions,1,251775.0
589,David Foster Productions,6,133232484.0
590,David V. Picker Productions,1,146402.0
591,Davis Entertainment,3,164258599.0
592,Davis Entertainment Classics,1,22921898.0
593,Davis-Films,1,12281551.0
594,Daystar Productions,1,364937.0
595,De Fina-Cappa,1,60527873.0
596,De Laurentiis Entertainment Group (DEG),9,174037835.0
597,De Line Pictures,1,484572835.0
598,DeMille Pictures Corporation,1,28575078.0
599,Dea Film,1,3704408.0
600,Dead Gentlemen Productions,1,230069.0
601,Dead Wait Productons,1,5730596.0
602,Dean Hargrove Productions,1,19010585.0
603,Decla Film Gesellschaft Holz & Co.,1,10188.0
604,Decla-Bioscop AG,1,8895428.0
605,Defender Production,1,10597734.0
606,Degeto Film,1,101203.0
607,Del Duca Films,1,2341309.0
608,Delphi II Productions,1,30688860.0
609,Delphi V Productions,1,42000000.0
610,Delux Productions,1,546388105.0
611,Demarest Films,1,542307423.0
612,Departures Film,1,8574339.0
613,Depth of Field,1,34808403.0
614,Desperate Pictures,1,263920180.0
615,Destination Films,3,84946962.0
616,Det Danske Filminstitut,6,278586166.0
617,Detour Film Production,1,5535405.0
618,Deutsche Film (DEFA),1,767311.0
619,Deutsche Film-Gemeinschaft,1,34562222.0
620,Deviant Films,1,5446000.0
621,Devotion Films,1,6584159.0
622,Dharma Productions,1,845188.0
623,Di Bonaventura Pictures,1,5900000.0
624,DiNovi Pictures,3,11650318.0
625,Diaphana Films,1,43545364.0
626,Dimension Films,16,441775581.0
627,Dimension Pictures,1,2438031.0
628,Dino De Laurentiis Company,2,213797577.0
629,Dino de Laurentiis Cinematografica,4,11221783.0
630,Dischord,1,4491986.0
631,Discovery Channel Productions,1,8000000.0
632,Discovery Docs,1,91974818.0
633,Disney Channel,5,204526240.0
634,DisneyToon Studios,2,62967413.0
635,District,1,1246141.0
636,Documento Films,1,3800000.0
637,Docurama,2,280667208.0
638,Dog Eat Dog Films,2,165487536.0
639,Dog Pond Productions,1,35743308.0
640,Dolby,1,203427584.0
641,Don Carmody Productions,1,166770.0
642,Don Hartman Productions,1,5935269.0
643,Donau Filmproduktion,1,11417362.0
644,Donner/Shuler-Donner Productions,1,63000000.0
645,Dor Film Produktionsgesellschaft GmbH,2,768057.0
646,Dorian Films,1,985117.0
647,Dos Corazones,1,73244881.0
648,Double Feature Films,2,167885560.0
649,Double Helix Films,1,40272135.0
650,Douek Productions,1,35456.0
651,Dovzhenko Film Studios,1,168167691.0
652,Dowling Productions,1,72179579.0
653,Drafthouse Films,1,142817992.0
654,Dragon Pictures,2,37444082.0
655,Dream Company,1,27305571.0
656,DreamWorks,1,215394738.0
657,DreamWorks Animation,6,84217149.0
658,DreamWorks SKG,27,2836919826.0
659,Dry County Films,2,150486979.0
660,Dual Power Productions,1,170000.0
661,Dudley Pictures Corporation,1,44287131.0
662,Dummy Productions LLC,1,742898.0
663,Dune Entertainment,4,127817120.0
664,Duplass Brothers Productions,5,29017677.0
665,E-Wolf,1,3515061.0
666,EBF Productions,1,39171130.0
667,EFTI,1,1829917.0
668,EGBA Entertainment,1,175302354.0
669,EM Media,2,41929352.0
670,EMI Films,2,86416905.0
671,EMI Films Ltd.,1,69701637.0
672,EMI Television,1,17062499.0
673,ESPN Films,1,147332697.0
674,ESX Productions,1,17000000.0
675,ETA films,1,23083334.0
676,Eagle Pictures,1,378827494.0
677,Eagle Rock Entertainment,1,254000.0
678,Ealing Studios,6,537111823.0
679,Eastern Counties Newspapers Ltd.,1,29450919.0
680,Ecce Films,1,7800000.0
681,Echo Lake Productions,1,442824138.0
682,Eddie Saeta,2,92412898.0
683,Edison Manufacturing Company,3,16698751.0
684,Edward Small Productions,1,36160375.0
685,Edward small Production,1,48668907.0
686,Eesti Joonisfilm,2,178994172.0
687,Egg Pictures,1,3786801.0
688,Ego Film Arts,1,22238696.0
689,Eikon Film,1,19322135.0
690,Ekran,2,61535690.0
691,El Deseo,4,142189061.0
692,El Mar Pictures,1,8.0
693,Electrascope,1,91196419.0
694,Electric Entertainment,1,8059140.0
695,Element Films,1,17500000.0
696,Elephant Films,1,1359910.0
697,Elevation Filmworks,1,20710513.0
698,Elevenmedia,1,32846.0
699,Elixir Films,1,7306.0
700,Elkins Entertainment,1,25804707.0
701,Ella Communications,1,39598448.0
702,Eloseppo,1,15608545.0
703,Elton Productions,1,186167139.0
704,Elías Querejeta Producciones Cinematográficas S.L.,1,40442437.0
705,Embassy International Pictures,1,30857814.0
706,Embassy Pictures Corporation,3,5503270.0
707,Emergent Films Ltd.,1,18612.0
708,Emmepi Cinematografica,1,38000000.0
709,Emperor Motion Pictures,1,3184472.0
710,Empire Pictures,3,29752429.0
711,Empire Ward,1,5681622.0
712,Endgame Entertainment,2,632590955.0
713,Endless Entertainment,1,34592118.0
714,Enlight Pictures,1,87416021.0
715,Enlightenment Productions,1,165888.0
716,Enso Entertainment,1,19829957.0
717,Ensueño Films,1,1675706.0
718,Entertainment Partners Ltd.,1,4300000.0
719,Entre Chien et Loup,2,25394501.0
720,Eon Productions,6,225811763.0
721,Epic Pictures Group,1,30553394.0
722,Epic Productions,3,492432272.0
723,Epidemic Films,1,97838349.0
724,Epidemic Pictures,1,80547866.0
725,Epithète Films,1,48093211.0
726,Epix,1,376141306.0
727,Epoch Film Co.,1,13200000.0
728,Epsilon Motion Pictures,4,297826054.0
729,Eros International,2,65539019.0
730,Eskwad,2,208101749.0
731,Essaness Productions,1,3396726.0
732,Essex Productions,1,20324096.0
733,Estudios Churubusco Azteca,1,4187.0
734,Eureka Pictures,5,262987477.0
735,Euro International Film (EIA),1,11837022.0
736,Europa Film,1,126737428.0
737,EuropaCorp,1,796368.0
738,European Inc.,1,3302463.0
739,Euterpe,1,78000586.0
740,Evenstar Films,1,107196498.0
741,Evershine Release,1,1000000.0
742,Excel Entertainment,1,14708696.0
743,Excellent Film,1,10165694.0
744,Existential Films,1,13380561.0
745,Exodus Film Group,1,163733697.0
746,Eye Entertainment,1,14631377.0
747,Eyeworks Film,1,2484095.0
748,Eyeworks Film & TV Drama,1,7200000.0
749,F.O.D. Productions,2,31277558.0
750,FGM Entertainment,1,96568.0
751,FM Entertainment International N.V.,1,684351.0
752,FROST Pictures,1,2439705.0
753,FU2 Productions,1,38992758.0
754,FUNimation Entertainment,1,1553826.0
755,Falling Sky Entertainment,1,66122026.0
756,FallsApart Productions,1,2275557.0
757,Famous Artists Productions,1,63766510.0
758,Famous Films (II),1,59612888.0
759,Famous Players-Lasky Corporation,1,7227038.0
760,Fandango,2,342750926.0
761,Fantefilm,1,35022.0
762,Farabi Cinema Foundation,2,51556144.0
763,Farmhouse Film & TV,1,28023563.0
764,Fasad,1,70.0
765,Fathom Studios,1,269958228.0
766,Fatorville Films,1,3606395.0
767,Feature Productions,1,34725000.0
768,Federal Films (II),1,15447154.0
769,Feelgood Fiction,1,41325328.0
770,Feifer Worldwide,1,222430.0
771,Fern Gully Tales,1,206728.0
772,Fernando Trueba Producciones Cinematográficas S.A.,1,5380251.0
773,Ferndale Films,1,231976425.0
774,Fida cinematografica,1,15536328.0
775,Fidelity Films,1,102000000.0
776,Fidélité Productions,1,12413650.0
777,Field Productions,1,3384747.0
778,Fildebroc,1,117270765.0
779,Film 4,1,1332231.0
780,Film Afrika Worldwide,2,221464558.0
781,Film Agency for Wales,1,50353002.0
782,Film Council,3,679271972.0
783,"Film Department, The",1,1247946.0
784,Film Foundry Partners,1,20400000.0
785,Film Four International,1,12706478.0
786,Film Fund FUZZ,1,146497771.0
787,Film Horizon,1,118243066.0
788,Film Limited Partnership,1,5000000.0
789,Film One Productions,1,86362372.0
790,Film Rock,1,122233971.0
791,Film Roman Productions,2,27986194.0
792,Film Tiger,1,58058367.0
793,Film Victoria,1,10848783.0
794,Film Workshop,4,30481001.0
795,Film i Väst,2,403458454.0
796,FilmBuff,1,3142763.0
797,FilmDallas Pictures,1,111858363.0
798,FilmDistrict,1,64626786.0
799,FilmEngine,1,246984278.0
800,FilmNation Entertainment,1,228984.0
801,Filmacres,1,320092.0
802,Filmauro,1,61181942.0
803,Filmax,4,119230892.0
804,Filmax Entertainment,1,5355847.0
805,Filmazure,1,623722818.0
806,Filmboard Berlin-Brandenburg (FBB),2,286022994.0
807,Filmfabriken Baltic Sea AB,1,373967.0
808,Filmfour,1,4099000.0
809,Filmhaus,1,34566746.0
810,Filminor,1,76398.0
811,Filmirage,1,32710894.0
812,Filmlance International AB,2,55614176.0
813,Filmline International,1,861789.0
814,Filmové Studio Barrandov,7,67543693.0
815,Filmové studio Barrandov,1,41299492.0
816,Filmpool Nord,1,609016565.0
817,Films 59,1,1056057273.0
818,Films A.B.C.,1,67872296.0
819,Films A2,2,22291081.0
820,Films Domireew,1,295750.0
821,Films Sonores Tobis,1,18902015.0
822,Filmscope Entertainment,1,4571025.0
823,Filmsonor,1,87100449.0
824,Filmstudio Bucuresti,1,67918658.0
825,Filmways Australasian,1,188441614.0
826,Filmways Pictures,7,458701493.0
827,Filmwerks,1,15171476.0
828,Fin Août Productions,1,691210692.0
829,Final Frame,1,714766572.0
830,Fine Line Features,22,1367816335.0
831,Finnish Film Foundation,1,109676311.0
832,Finos Film,1,551281.0
833,Fire Island Films,1,28818995.0
834,First Artists,3,73956021.0
835,First Choice Films,1,6856989.0
836,First Floor Features,1,18814720.0
837,First Floor Features (co-production),1,129042871.0
838,First Generation Films,1,35424826.0
839,First Look Pictures,1,165615285.0
840,First National Pictures,8,95737149.0
841,First Position Films,1,538983207.0
842,First Thought Films,1,382946.0
843,Five & Two Pictures,1,1261947.0
844,Flach Film,1,190000.0
845,Flaminia Produzioni Cinematografiche,1,17671101.0
846,Flatland Pictures,1,215000000.0
847,Flatland Productions,1,2676077.0
848,Flicks Motion Pictures,1,1431623.0
849,FlipZide Pictures,1,10900434.0
850,Floodland Pictures,1,1751330.0
851,Focus Features,1,32230907.0
852,Focus Films,1,48000000.0
853,Focus-Fox Studio,1,646714.0
854,Fogbound Inc.,1,10600000.0
855,Fondo para la Producción Cinematográfica de Calidad (FOPROCINE),1,148336445.0
856,Fons Rademakers Produktie,1,72778712.0
857,Forager Film Company,1,26559557.0
858,Forensic Films,2,123036645.0
859,Foresight Unlimited,2,878410223.0
860,Forest Brothers,1,12000000.0
861,Formosa Productions,1,151203.0
862,Forte Andrzej Celinski Hanna Polak,1,16174377.0
863,Fortissimo Films,2,173013520.0
864,Fortress Features,1,205298907.0
865,Forward Pass,1,55089.0
866,Foundation Entertainment,1,890871626.0
867,Fountainbridge Films,1,73180723.0
868,Four Knights Film,1,3000000.0
869,Four Square Productions,1,20158808.0
870,Fox 2000 Pictures,16,664971536.0
871,Fox Atomic,2,86291774.0
872,Fox Entertainment Group,1,14859394.0
873,Fox Film Corporation,8,529699397.0
874,Fox Searchlight Pictures,30,2281718741.0
875,Fox Star Studios,1,25956113.0
876,Fox Television Studios,2,975974.0
877,FoxTelecolombia,1,429766.0
878,Fragile Films,1,38120905.0
879,Fragmighty,1,65070412.0
880,Fral Spa,1,563706.0
881,Frame 29 Films,1,250000.0
882,France 2 Cinéma,19,718555977.0
883,France 3 Cinema,1,74000000.0
884,France 3 Cinéma,9,1125436074.0
885,France Cinéma Productions,1,7424.0
886,Franchise Pictures,6,438091567.0
887,Franco London Films,2,7633875.0
888,Francoriz Production,2,33022472.0
889,Franfilmdis,1,49579269.0
890,Frankovich Productions,2,848241751.0
891,Franz Seitz Filmproduktion,1,325233863.0
892,Freak Show Entertainment,1,1100000.0
893,Fred F. Finklehoffe Productions,1,14358033.0
894,Frederick Zollo Productions,1,12000000.0
895,Friedman-Lewis Productions,1,1400000.0
896,Fries Entertainment Films,1,29400000.0
897,Front Street Pictures,3,56630532.0
898,Front Street Productions,1,95149435.0
899,Front Street Studios,1,9879971.0
900,Fu Works,1,343617.0
901,Fugitive Features,1,47410000.0
902,Fuji TV,1,28000000.0
903,Fuji Television Network,3,402622.0
904,Full Blitz Entertainment,1,98000000.0
905,Fulvia Film,1,8100000.0
906,FunHouse Features,1,60845711.0
907,Funny or Die,1,12173470.0
908,Furthur Films,1,84500000.0
909,Fury Productions,1,12247.0
910,Future Films,1,286140700.0
911,Fénix Cooperativa Cinematográfica,1,314432665.0
912,Fígaro Films,1,18971000.0
913,G. Mahesh Babu Entertainment Pvt. Ltd,1,8000000.0
914,G.R.P. Cinematografica,1,1402307.0
915,GFP Medienfonds,1,55125.0
916,GFT Entertainment,1,15530077.0
917,GK-Film,1,36500000.0
918,GRAiNEY Pictures,1,385284817.0
919,Gabriel Pascal Productions,1,2850000.0
920,Gafer Producciones,1,44352417.0
921,Gainax,1,16178959.0
922,Gainsborough Pictures,3,49504652.0
923,Gatlin Pictures,1,105097.0
924,Gaumont,19,760526108.0
925,Gaumont British Picture Corporation,1,6000000.0
926,Gaumont International,3,79632053.0
927,Gaylord Films,1,15992615.0
928,"Geffen Company, The",1,20036737.0
929,Geffen Pictures,2,225164403.0
930,Geiselgasteig Film,1,116980662.0
931,Gemini American,1,6700000.0
932,Gemini Films,1,1289998.0
933,Gen Productions,1,955401.0
934,Geneon Entertainment,1,285930.0
935,General Film Corporation,1,4811525.0
936,Generate,1,312010.0
937,Gentle Machine Productions LLC,1,333912.0
938,George Albert Smith Films,1,571006128.0
939,George King Productions,1,9489829.0
940,George Pal Productions,1,13700000.0
941,Georges Loureau,1,22000000.0
942,Ghost House Pictures,6,949180820.0
943,Ghost Pictures,1,2413427.0
944,Gico Cinematografica S.r.L.,1,1677.0
945,GigaPix Studios,1,270000.0
946,Gigantic Movie,1,2277396.0
947,Gimages Développement,1,19478106.0
948,Girafa Filmes,1,110206216.0
949,Gladden Entertainment,3,342883574.0
950,Glass Eye Pix,4,264296808.0
951,Global Pictures,1,6212282.0
952,Globe Enterprises,1,1083683.0
953,Globe Films,1,188126.0
954,Globo Filmes,1,3485127.0
955,Globomedia / Antena 3 Films / Cangrejo Films,1,1156000.0
956,Gloria Films,1,299268508.0
957,Go2sho,1,16656125.0
958,Godspeed Pictures,1,20381995.0
959,Golan-Globus,6,1594653972.0
960,Golan-Globus Productions,3,45837900.0
961,Gold Circle Films,2,87535349.0
962,Gold Lion Films,1,55282.0
963,Gold/Miller Productions,1,1458000.0
964,Goldcrest Films International,7,219265199.0
965,Golden Harvest Company,9,514243398.0
966,"Golden Tripod Film Co., Hong Kong",1,1021103568.0
967,Golden Way Films Ltd.,2,28752275.0
968,Goldwyn Pictures Corporation,1,114830111.0
969,Goliath Film and Media Holdings,1,254212245.0
970,Gonzo,1,500000.0
971,Good Film Company,1,6682098.0
972,Good Machine,1,3180674.0
973,Good Universe,1,47.0
974,Goodtimes Enterprises,3,3979153.0
975,Gordon Bijelonic / Datari Turner Films,1,175742.0
976,Gordon Company,1,14697005.0
977,Gorky Film Studio,3,5970909.0
978,Gorky Film Studios,1,33700.0
979,Gotham Group,1,110230332.0
980,Government of West Bengal,1,536364.0
981,Gracie Films,5,248744954.0
982,Grack Films,1,4882577.0
983,Gramercy Pictures,7,377550936.0
984,Gran Via Productions,1,161772375.0
985,Granada Film Productions,3,72953432.0
986,Granada Television,1,18172849.0
987,Grand Army Entertainment,1,3759582.0
988,Grand March Movie Production Company Ltd.,1,16157801.0
989,Grand National Pictures,1,3643591.0
990,Great American Films Limited Partnership,1,3000000.0
991,Greek Film Center,2,564463867.0
992,Green Dragon Movies,1,10025571.0
993,Green Fish Pictures,1,86165646.0
994,Green Jacket Productions,1,8.0
995,Green Parrot,1,58853106.0
996,GreeneStreet Films,1,180622424.0
997,Greenfox,1,7242035.0
998,Greentrees Films,1,13960203.0
999,Greenwich Film Productions,1,11744471.0
1000,Grindstone Entertainment Group,1,1031243.0
1001,Grossbart Barnett Productions,1,99206215.0
1002,Grosvenor Park Media Ltd.,1,7356393.0
1003,Grosvenor Park Productions,1,5099316.0
1004,Groundswell Productions,1,3758328.0
1005,Group Film Productions,1,1759252.0
1006,Group W,1,205738714.0
1007,Gruppo Minerva International,1,3360000.0
1008,Guardian Trust Company,1,17768757.0
1009,Guerilla Films,1,5900000.0
1010,Gus Productions,1,145793296.0
1011,HAL Films,1,22030000.0
1012,HBO,3,752295139.0
1013,HBO Documentary Films,2,232575913.0
1014,HBO Films,6,182518370.0
1015,HDNM Entertainment,1,381509870.0
1016,HDNet Films,1,14894347.0
1017,HILT Productions,1,9234510.0
1018,HSI Productions,1,53086.0
1019,HSX Films,1,244386864.0
1020,Hachette Première,1,5900000.0
1021,Hal Roach Studios,3,127979631.0
1022,Hal Wallis Productions,1,39481.0
1023,Hallmark Entertainment,2,139167206.0
1024,Hallmark Hall of Fame Productions,1,140779.0
1025,Hammer Film Productions,13,250117276.0
1026,HanWay Films,2,6003856.0
1027,HandMade Films,2,61832309.0
1028,Handmade Films Ltd.,3,223506655.0
1029,Handsomecharlie Films,1,248392.0
1030,Hangman Film Company,1,42000000.0
1031,Hanna-Barbera Productions,2,13222665.0
1032,Happy Endings A/S,1,15.0
1033,HarBel Productions,1,46546197.0
1034,Harbour Pictures,1,33828318.0
1035,Harcourt Productions,1,56932305.0
1036,Harmony Gold,1,157920733.0
1037,Harold Hecht Productions,1,25781.0
1038,Harpo Films,1,31853080.0
1039,Harvey Mason Media,1,15134293.0
1040,Haut et Court,5,103649720.0
1041,Havoc,1,39363635.0
1042,Hawk Films,2,61000000.0
1043,Head Gear Films,2,1726506.0
1044,Hearst Entertainment Productions,1,2152738.0
1045,Hecht-Hill-Lancaster Productions,1,8200000.0
1046,Heimatfilm GbR,1,5332926.0
1047,Heliopolis,1,150680864.0
1048,Helkon Media AG,2,402002372.0
1049,Helsinki Filmi Oy,1,1964253.0
1050,Hemdale Film,3,129139503.0
1051,Hemdale Film Corporation,2,18709303.0
1052,Heretic Films,1,36869414.0
1053,Hi-Rez Films,1,17200925.0
1054,Hibiscus Films,1,163169.0
1055,Hickmar Productions,1,4635143.0
1056,Highland Park Classics,1,48065672.0
1057,Himenóptero,1,1429299.0
1058,Hobart Bosworth Productions,1,205366737.0
1059,Hobby Films,1,248000000.0
1060,Hoche Productions,1,40000000.0
1061,Holdean,1,1725381.0
1062,Holedigger Films,1,85306374.0
1063,Hollywood Pictures,30,1491894026.0
1064,Hollywood Pictures Corporation (II),2,12023020.0
1065,Home Box Office (HBO),4,89412563.0
1066,Home Theater Films,1,161820.0
1067,Hong Kong Kai Fa Film Co.,1,86758912.0
1068,Horse Head Pictures,1,20275812.0
1069,Horseshoe Films,1,57814445.0
1070,Houtsnede Maatschappij N.V.,1,108332743.0
1071,Hrvatska Radiotelevizija (HRT),1,233755553.0
1072,Huayi Brothers,1,37461045.0
1073,Hughes Capital Entertainment,1,48965210.0
1074,Hughes Entertainment,2,115160857.0
1075,Hyperion Productions,1,97.0
1076,IAC Film,1,1156730962.0
1077,IDG China Media,1,17425000.0
1078,IFC Films,3,239786777.0
1079,IFC Productions,4,503814892.0
1080,IM Global,1,95311434.0
1081,IMAS Filmproduktion,1,150166126.0
1082,IMAX,6,167953798.0
1083,IRE Productions,1,146900000.0
1084,IRIS Films,1,13936.0
1085,IRS Media,1,6000000.0
1086,ITC Entertainment,1,33463969.0
1087,Ibermedia,2,95567295.0
1088,Iblis Films,1,478207520.0
1089,Ice Cold Productions,1,173965010.0
1090,Icon Entertainment International,3,236801258.0
1091,Icon Productions,3,186041442.0
1092,Idol Company,1,3848034.0
1093,Idéale Audience,1,20728.0
1094,Ignite Entertainment,2,10033031.0
1095,Ikiru Films,1,51148651.0
1096,Illumination Entertainment,1,81093313.0
1097,Illusion Entertainment Group,1,109423648.0
1098,Image Entertainment,1,47536959.0
1099,Imagenation Abu Dhabi FZ,1,1700000.0
1100,Imagine Entertainment,16,1899062756.0
1101,Immortal Thoughts,1,623933331.0
1102,Impact,1,20400.0
1103,Impact Films,1,2425000.0
1104,Impact Pictures,2,49492225.0
1105,Impala,1,1213880.0
1106,Imprint Entertainment,1,25.0
1107,Impéria,1,54956140.0
1108,Incendiary Features,1,17566040.0
1109,Incentive Filmed Entertainment,1,8020.0
1110,Incorporated Television Company,2,39329749.0
1111,Incorporated Television Company (ITC),3,22270882.0
1112,Indecom Cinema,1,86175.0
1113,Independent Artists,1,144492830.0
1114,Independent Digital Entertainment,1,30822861.0
1115,Independent Edge FIlms,1,1777043.0
1116,Independent Film Channel,1,33788161.0
1117,Independent Film Channel (IFC),1,13022756.0
1118,Indian Paintbrush,1,3214116.0
1119,IndieProd Company Productions,1,7282851.0
1120,Industry Entertainment,1,25000000.0
1121,Indy Entertainment,1,5333333.0
1122,Infinite Frameworks Pte. Ltd.,2,236461843.0
1123,Inforg Stúdió,1,1056938.0
1124,Informant Media,1,1065881.0
1125,Ingenious Film Partners,5,294799855.0
1126,Ingenious Media,1,6676471.0
1127,Initial Entertainment Group (IEG),1,10443316.0
1128,Insight Film Studios,1,24134.0
1129,Instituto Cubano del Arte e Industrias Cinematográficos (ICAIC),1,140175006.0
1130,Instituto Mexicano de Cinematografía (IMCINE),1,543934787.0
1131,Instituto Nacional de Cine y Artes Audiovisuales (INCAA),2,96528106.0
1132,Instituto de la Cinematografía y de las Artes Audiovisuales (ICAA),3,119364365.0
1133,Insurge Pictures,1,67790117.0
1134,Integral Film,1,70442940.0
1135,InterPositive Media,1,175706.0
1136,Intercapital,2,8189863.0
1137,Intermedia Films,4,57444553.0
1138,International Entertainment,1,332710.0
1139,International Harmony,1,6485961.0
1140,Interscope Communications,1,28780255.0
1141,Intrinsic Value Films,2,20944752.0
1142,Irish Dreamtime,3,295369314.0
1143,Irish Film Board,4,266105542.0
1144,Irwin Entertainment,1,296485719.0
1145,Island Pictures,2,127404430.0
1146,Isle of Man Film,3,239070211.0
1147,Istituto Luce,1,15250000.0
1148,Ital-Noleggio Cinematografico,2,128976674.0
1149,Italian International Film,2,20990000.0
1150,Iyara Films,1,60000000.0
1151,Iéna Productions,1,4385516.0
1152,J&M Entertainment,1,64256513.0
1153,J.C.Staff,1,500000.0
1154,JBF,1,349424282.0
1155,JD Productions,1,243240178.0
1156,JDI productions,1,1148752.0
1157,JVC Entertainment,1,102000000.0
1158,JVC Entertainment Networks,1,7230000.0
1159,Jack Giarraputo Productions,1,26488734.0
1160,Jad Films,1,830129.0
1161,Jadran Film,2,5952330.0
1162,Jaffe / Braunstein Enterprise,1,7200039.0
1163,Jaffe/Braunstein Films,1,2351359.0
1164,Japan America Picture Company,1,8500000.0
1165,Jeff Most Productions,1,335154643.0
1166,Jensen Farley Pictures,1,9171289.0
1167,Jeonwonsa Film,1,48398.0
1168,Jeremy Coon Productions,1,119520023.0
1169,Jerkschool Productions,1,72689.0
1170,Jerry Bruckheimer Films,6,689039142.0
1171,Jerry Lewis Productions,1,2681345.0
1172,Jerry Weintraub Productions,2,220430892.0
1173,Jersey Films,3,115464975.0
1174,Jesse L. Lasky Feature Play Company,1,6491240.0
1175,Jet Films,1,5753490.0
1176,Jet Tone Production,1,302204.0
1177,Jigsaw Productions,1,33472850.0
1178,Jirafa,1,17000000.0
1179,Joel Castleberg Productions,1,1334786.0
1180,John Frankenheimer Productions Inc.,1,22518097.0
1181,John Heyman/Peter Watkins Production,1,4069826.0
1182,John Krimsky and Gifford Cochran Inc.,1,1188194.0
1183,John Sexton Productions,1,1004558444.0
1184,Johnson Production Group,1,1622164.0
1185,Joseph E. Levine Productions,1,2735731.0
1186,Joseph Hamilton International Productions,1,5588800.0
1187,Joseph M. Schenck Productions,2,5397312.0
1188,José Frade Producciones Cinematográficas S.A,1,108083.0
1189,Journeyman Pictures,3,451283539.0
1190,Joyoung Films,1,358574.0
1191,Jubilee Pictures Corporation,1,22863596.0
1192,Julian Blaustein Productions Ltd.,1,6800000.0
1193,Jupiter Film Productions,1,566736.0
1194,Just Singer Entertainment,1,88346473.0
1195,Jörn Donner Productions,1,8452.0
1196,K. JAM Media,1,1081.0
1197,K2 SA,1,38105395.0
1198,KGB Films,1,196114570.0
1199,KTEH,1,1200000.0
1200,Kabir Khan Films,1,56100000.0
1201,Kadokawa Pictures,1,33372606.0
1202,Kairos-Film,1,44057737.0
1203,Kamala Films,1,585174222.0
1204,Kangoo Films,1,282382.0
1205,Kanoon,1,1579260.0
1206,Kantana Animation Studios,1,22159216.0
1207,Kanzaman,1,15699707.0
1208,Kapara Pictures,1,3100000.0
1209,Kaplan Film,1,4105187.0
1210,Karma Films,1,25288872.0
1211,Karuna Pictures,1,1672730.0
1212,Kasander & Wigman Productions,1,224012234.0
1213,Katalyst Films,1,1000000.0
1214,Katzka,1,88000.0
1215,Kayos Productions,1,170764026.0
1216,Kazakhfilm Studios,1,6063556.0
1217,Keith Barish Productions,2,66764806.0
1218,Kemp Company,1,19000000.0
1219,Kennedy Miller,1,500000.0
1220,Kennedy Miller Productions,4,86187690.0
1221,Kennesset Productions,1,32645546.0
1222,Kick Ass Pictures,1,41296320.0
1223,Kickstart Productions,1,392000694.0
1224,Killer Films,5,74098066.0
1225,Kim Ki-Duk Film,1,8380329.0
1226,Kim and Jim Productions,1,1369280.0
1227,Kimera Film,1,10367161.0
1228,Kindred Limited Partnership,1,22905522.0
1229,Kingdom of Light Entertainment,1,473226958.0
1230,Kings Road Entertainment,5,210936689.0
1231,Kino Korsakoff,1,102780.0
1232,Kinokompaniya CTB,3,68017368.0
1233,Kinorama,1,2084628.0
1234,Kinosmith,1,11879046.0
1235,Kinowelt Filmproduktion,1,38368909.0
1236,Kintop Pictures,1,7205.0
1237,Kiryûkan,1,27139524.0
1238,Kojo Pictures,1,43318349.0
1239,Konrad Pictures,4,65220000.0
1240,Koo Koo Banana,1,12000000.0
1241,Kopelson Entertainment,2,292685356.0
1242,Korea Pictures,1,27165581.0
1243,Krasnoff Foster Productions,1,40239.0
1244,Krystal Motion Picture Productions,1,137551594.0
1245,Kudos Productions Ltd.,1,6673422.0
1246,Kunsthochschule Kassel,1,181107.0
1247,Kuzui Enterprises,1,832735.0
1248,Kôdansha,1,467365246.0
1249,L.A. Films,1,42724017.0
1250,La Jolla Productions,1,9938268.0
1251,La Luna Entertainment,1,12601706.0
1252,La Parti Productions,1,49111202.0
1253,La Petite Reine,1,3447633.0
1254,La Société des Films Sirius,1,3371692.0
1255,La.Lune Entertainment,1,269980.0
1256,LadobleA,1,11207130.0
1257,Laika Entertainment,1,3442853.0
1258,Lakeshore Entertainment,7,215360088.0
1259,Lamb Bear Entertainment,1,45858563.0
1260,Lambor Films,1,153997819.0
1261,Lamitas,1,67182787.0
1262,Landing Patch Productions,1,230884728.0
1263,Lane Street Pictures,1,911466.0
1264,Larco Productions,1,16504936.0
1265,Large Format Cinema,1,480811.0
1266,Largo Entertainment,1,17752940.0
1267,Larry Levinson Productions,2,302585082.0
1268,Lasihelmi Filmi Oy,1,14674076.0
1269,"Last Rites of Joe May, The",1,1832541.0
1270,Laura Ziskin Productions,1,34252847.0
1271,Laurel Entertainment Inc.,1,11567449.0
1272,Lavorágine Films,1,15000.0
1273,Lawrence Bender Productions,1,176153.0
1274,Lawrence Turman,1,5080409.0
1275,"Lawrence Turman Films, Inc.",1,47175038.0
1276,Lazennec Films,1,47355187.0
1277,Lazennec et Associés,1,4600000.0
1278,Le Pacte,1,3542353.0
1279,Le Studio Canal+,3,28249669.0
1280,Le-joy Animation Studio,1,40000.0
1281,Lea Film,1,29000000.0
1282,Lefwander Kapitalförvaltning AB,1,85512300.0
1283,Legendary Pictures,5,1180623593.0
1284,Lenfilm Studio,1,13391174.0
1285,Leone Film,1,131940411.0
1286,Les Artistes Anonymes,1,16624456.0
1287,Les Films 13,1,9600000.0
1288,Les Films Alain Sarde,3,105835222.0
1289,Les Films Christian Fechner,2,41577138.0
1290,Les Films Concordia,2,12596576.0
1291,Les Films Jacques Leitienne,1,14000000.0
1292,Les Films Marcel Pagnol,2,1605018.0
1293,Les Films Number One,1,5359645.0
1294,Les Films Raoul Ploquin,1,179379533.0
1295,Les Films de la Pléiade,1,3550000.0
1296,Les Films des Tournelles,1,319285.0
1297,Les Films du Carrosse,4,41089724.0
1298,Les Films du Losange,5,699721090.0
1299,Les Films du Poisson,1,25819961.0
1300,Les Productions Artistes Associés,4,221215260.0
1301,Les Productions Belles Rives,1,13769.0
1302,Les Productions du Trésor,1,27603069.0
1303,Les films du Worso,1,40492759.0
1304,Leslie Iwerks Productions,1,201584141.0
1305,Levity Entertainment Group,2,42662545.0
1306,Lew Seiler Productions,1,377910544.0
1307,Lewis Gilbert Productions,1,37000000.0
1308,Liaison Films,1,529076069.0
1309,Liberation Company,1,103039258.0
1310,Liberty Pictures,1,14011454.0
1311,Lietuvos Kinostudija,2,30183725.0
1312,Lifeboat News,1,192330738.0
1313,Lifetime,1,6700.0
1314,Lighthouse Pictures,2,55719844.0
1315,Lightning Entertainment,2,920442.0
1316,Lightning Pictures,2,103521377.0
1317,Lightshow Communications,1,8000000.0
1318,Lightstorm Entertainment,2,527959291.0
1319,Lightstream Pictures,2,57154411.0
1320,Likely Story,1,42105111.0
1321,Limited Edition Productions Inc.,1,103.0
1322,Line by Line Productions,1,140470746.0
1323,Lions Gate Enterntainment,1,16337881.0
1324,Lions Gate Entertainments,1,26820641.0
1325,Lions Gate Films,21,1280834603.0
1326,LionsGate,1,287553595.0
1327,Lionsgate,10,148772048.0
1328,Lippert Films,1,543514353.0
1329,Lippert Pictures,1,171760.0
1330,Little Bird Films,1,29882645.0
1331,Little Dragon Productions,1,807947.0
1332,Little Fugitive Production Company,1,867714.0
1333,Live Entertainment,2,76866381.0
1334,Living Films,1,105200903.0
1335,Ljubavny Film,1,40382659.0
1336,Lobster Enterprises,1,34411240.0
1337,Lodz Film School,1,21000000.0
1338,London Film Productions,7,1015456614.0
1339,London-Cannon Films,1,2154696.0
1340,Lone Star Corporation,2,67536026.0
1341,Lone Star Production,2,5905313.0
1342,Lorimar Film Entertainment,5,411083368.0
1343,Lorimar Motion Pictures,1,4916871.0
1344,Lorimar Productions,1,17292381.0
1345,Lotte Entertainment,3,56956513.0
1346,Louisiana Production Consultants,1,110000000.0
1347,Louverture Films,1,2627209.0
1348,Lower East Side Films,1,58900031.0
1349,Lucasfilm,12,1610310657.0
1350,Lucky Monkey Pictures,1,17436509.0
1351,Lucky UKFS,1,57284237.0
1352,Lumen Films,1,23936908.0
1353,Lunde Film,1,35387212.0
1354,Lupo-Anthony-Quintano Productions,1,66787908.0
1355,Lux Film,3,88098507.0
1356,Lynch Films,1,350170057.0
1357,Lynn Shelton,1,219788712.0
1358,Lynn-Romero Productions,1,317000.0
1359,Légende Films,1,77278331.0
1360,M M Productions,1,35000.0
1361,M&M Productions,2,6442709.0
1362,M6 Films,4,498918450.0
1363,MA.JA.DE Fiction,1,23321954.0
1364,MACT Productions,7,702781909.0
1365,MBF Erste Filmproduktionsgesellschaft,1,46.0
1366,MCI,1,211780824.0
1367,MDP Filmproduktion,1,6585516.0
1368,MEDIA Programme of the European Union,2,178802520.0
1369,MFG-Film,1,2527904.0
1370,MGM Television,1,200242.0
1371,MGN Filmes,1,114247.0
1372,MK2 Production,1,300000.0
1373,MK2 Productions,4,390410367.0
1374,MM2 Entertainment,1,29200000.0
1375,MMG Film & TV Production,1,54667954.0
1376,MOOVIE - the art of entertainment GmbH,1,161362.0
1377,MPI Home Video,1,22963701.0
1378,MPI Media Group,1,498814908.0
1379,MR TV-Film,1,2395000.0
1380,MRB Productions,1,383294.0
1381,MTM Cineteve,1,105656.0
1382,MTV Films,1,162091208.0
1383,MURDER and murder Production,1,252712101.0
1384,Mace Neufeld Productions,1,4729352.0
1385,Mad Chance,1,12342632.0
1386,Madeleine Films,2,120880036.0
1387,Madhouse,4,147688699.0
1388,Madragoa Filmes,1,15584255.0
1389,Madras Talkies,2,39597072.0
1390,Mafilm,1,8306690.0
1391,Magidson Films,1,13231461.0
1392,Magnet Releasing,1,130000.0
1393,Magnolia Pictures,3,646499330.0
1394,Main Street Movie Company,1,83282296.0
1395,Mainline Pictures,1,1796389.0
1396,Maipo,1,17693675.0
1397,Maipo Film- og TV Produksjon,1,111231041.0
1398,Malpaso Productions,5,1246365202.0
1399,Management 360,1,17280326.0
1400,Management Company Entertainment Group (MCEG),1,45892212.0
1401,Mandalay Pictures,1,121059225.0
1402,Mandalay Sports Media (MSM),1,12000000.0
1403,Mandalay Television,1,7103838.0
1404,Mandalay Vision,1,694713380.0
1405,Mandarin Films Distribution Co.,1,42487390.0
1406,Mandate Pictures,3,63185985.0
1407,Mandragora,1,142044638.0
1408,Mankurt Media,1,6086224.0
1409,Maran Film,1,5708.0
1410,Marauder Works,1,24804129.0
1411,Marc Platt Productions,2,17394575.0
1412,Marianne Productions,1,28641776.0
1413,Marimark,1,300854823.0
1414,Marimark Productions,1,760883.0
1415,Mark Films Ltd.,1,70569.0
1416,Mark VII Ltd.,1,258384.0
1417,Mars Distribution,1,5310554.0
1418,Mars Films,1,12118661.0
1419,Marshall Raboy Productions,1,121790373.0
1420,Martien Holdings A.V.V.,1,18340000.0
1421,Marubeni,1,17804565.0
1422,Marvel Studios,6,20402651.0
1423,Marvin Worth Productions,1,5546827.0
1424,Marvista Entertainment,1,11455.0
1425,Mary Pickford Company,2,15831213.0
1426,Mascaret Films,1,306941670.0
1427,Mascot Pictures,1,48428063.0
1428,Matador Pictures,3,414261480.0
1429,Mate Producciones S.A.,1,738599701.0
1430,Mattel,1,3.0
1431,Mattel Playground Productions,1,346485.0
1432,Maurice Cowan Productions,1,192400.0
1433,Maurice Devereaux Productions,1,36894225.0
1434,Maurice Tourneur Productions,1,2586511.0
1435,Max TV,1,43000000.0
1436,Media 8 Entertainment,1,23507567.0
1437,Media Asia Films,2,246133088.0
1438,Media Asia Films Ltd.,1,20.0
1439,Media Education Foundation,1,13865435.0
1440,Media Pro Pictures,1,908847.0
1441,Media Rights Capital,1,44.0
1442,Media Talent Group,1,53587404.0
1443,MediaTrade,1,249204.0
1444,Mediaset,1,924317558.0
1445,Medusa Distribuzione,2,18549972.0
1446,Medusa Film,4,253035615.0
1447,Medusa Produzione,1,777423.0
1448,Megalovision,1,41170784.0
1449,Melnitsa Animation Studio,1,2300000.0
1450,Melville-Talbot Productions,1,25792310.0
1451,Melvin Simon Productions,1,26657534.0
1452,Memfis Film,2,48618284.0
1453,Merchant Ivory Productions,6,399174036.0
1454,Merchant Pacific Corporation,1,103735.0
1455,Mercury,1,8279017.0
1456,Mercury Films,1,6193901.0
1457,Merlin Films,1,71320000.0
1458,Merton Park Studios,1,24000000.0
1459,Metro Communications,2,31998092.0
1460,Metro Pictures Corporation,1,2455831.0
1461,Metro-Goldwyn-Mayer,1,178174.0
1462,Metro-Goldwyn-Mayer (MGM),159,13607943063.0
1463,Mezhrabpom-Rus,1,2000000.0
1464,Michael Cacoyannis Productions,1,752215857.0
1465,Michael Todd Company,1,1423000.0
1466,Midnight Sun Pictures,1,24159934.0
1467,Mighty Cheese Productions,1,1928985.0
1468,Mij Film Co.,1,18755936.0
1469,Mike Zoss Productions,1,65470529.0
1470,Mikona Productions GmbH & Co. KG,1,176070171.0
1471,Mil Nubes-Cine,1,33053559.0
1472,Mile High Productions,1,38585.0
1473,Milestone Productions,1,90753806.0
1474,Milky Way Image Company,1,30226144.0
1475,Millennium Films,3,106803771.0
1476,Miller Consolidated Pictures (MCP),1,15298355.0
1477,Minds Eye Entertainment,2,234023709.0
1478,Ministero del Turismo e dello Spettacolo,1,11576431.0
1479,Ministry of Information,1,60487945.0
1480,Ministry of Propaganda Films,1,35168966.0
1481,Mira Filmes,1,85241496.0
1482,Miracle Pictures,1,1261000.0
1483,Mirage Enterprises,1,7266383.0
1484,Miramax,3,88998290.0
1485,Miramax Films,71,6605922800.0
1486,Miravista Films,1,1845034188.0
1487,Mirror Maze,1,21107746.0
1488,Miso Film,2,2174230.0
1489,Mission Films,1,121179.0
1490,Mitteldeutscher Rundfunk (MDR),2,566210.0
1491,Moby Dick Films,1,177584879.0
1492,Moffitt-Lee Productions,1,120680.0
1493,Mogador Film,1,20211394.0
1494,Momentum Films,1,114281051.0
1495,Mon Voisin Productions,1,15478800.0
1496,Monarch Pictures,1,215496.0
1497,Monica Beach Media,1,284139100.0
1498,Monkey Pack Films,1,1338365.0
1499,Monogram Pictures,3,2753835.0
1500,Monsoon Pictures,1,154648887.0
1501,Mont Blanc Pictures,1,10337387.0
1502,Monterey Films,1,17037887.0
1503,Monument Pictures,1,12974636.0
1504,Moody Independent,1,155760117.0
1505,Moody Street Pictures,1,109000000.0
1506,Moonlighting Films,1,17273593.0
1507,Moonshot Pictures,1,2801508.0
1508,Moonstone Entertainment,1,497366869.0
1509,Morgan Creek Productions,6,1803523112.0
1510,Mosaic Media Group,1,4856298.0
1511,Mosfilm,16,696698841.0
1512,Motion Picture Corporation of America,2,102218897.0
1513,Motion Picture Corporation of America (MPCA),1,53676580.0
1514,"Motion Picture Group, The",1,1200398.0
1515,Mouka Filmi Oy,1,47042000.0
1516,Mount Everest Enterprises Ltd,1,17472.0
1517,Movieworld Productions,1,132511035.0
1518,Moving Train Productions,1,10000000.0
1519,Movision,1,4678405.0
1520,Moxie Firecracker Films,1,525.0
1521,Mpower Pictures,1,38502340.0
1522,Mr. E Productions Inc.,1,11301649.0
1523,Mr. Mudd Production,1,71154592.0
1524,Murakami-Wolf Productions,1,1646788.0
1525,Murder Inc.,1,41744718.0
1526,Muse Productions,1,76578641.0
1527,Myriad Pictures,1,7500000.0
1528,Myrrdin,1,1500000.0
1529,Myung Film Company,2,43102295.0
1530,NALA Films,1,6900000.0
1531,NBC Universal Television,1,1585582.0
1532,NGN Productions,1,7133082.0
1533,NHK Enterprises,1,96070507.0
1534,NRK Drama,1,18016290.0
1535,NWR Film Productions,1,8475466.0
1536,Nais Film,1,2228951.0
1537,Namesake Entertainment,1,1192322.0
1538,Nancy Enterprises Inc. (I),1,109862682.0
1539,Narrow Bridge Films,1,245000.0
1540,Nat Holt Productions,1,6075.0
1541,National Broadcasting Company,1,26810113.0
1542,National Cinematografica,1,14356479.0
1543,National Film Board of Canada,1,7500000.0
1544,National Film Board of Canada (NFB),2,395003.0
1545,National Film Organization,1,8135031.0
1546,National Filmi Oy,1,862.0
1547,National Lampoon Productions,1,110.0
1548,"Navalakha Arts, Media & Entertainment",1,561085.0
1549,Neal Street Productions,1,12764201.0
1550,Neil Breen Films,1,632443719.0
1551,Nelson Entertainment,1,2415396.0
1552,Nelvana,1,36489888.0
1553,Neo Art & Logic,1,100523181.0
1554,Neo Productions,1,16900000.0
1555,Nero-Film AG,2,332517591.0
1556,NetFlix,2,1363428143.0
1557,Netflix,1,13092000.0
1558,Netherlands Government,1,230000000.0
1559,New Amsterdam Entertainment,3,53710040.0
1560,New Century Entertainment Corporation,1,27610873.0
1561,New Century Producers,1,20173742.0
1562,New Holland Pictures,1,652105443.0
1563,New Horizon Picture Corp.,1,18.0
1564,New Legend Media,1,47351251.0
1565,New Line Cinema,84,6123786264.0
1566,New Oz Productions,1,190213455.0
1567,New South Wales Film & Television Office,2,125045056.0
1568,New South Wales Film Corp.,2,42867534.0
1569,New Wave Entertainment,3,24092850.0
1570,New World Pictures,19,279159172.0
1571,New World Television,2,526433199.0
1572,New Yorker Films,1,67738090.0
1573,New Zealand Film Commission,2,79423989.0
1574,Newman-Foreman Company,1,89417.0
1575,Newmarket Capital Group,3,104822197.0
1576,Newmarket Films,1,96542059.0
1577,Newtown Productions,1,55260558.0
1578,Next Wednesday Productions,2,100732106.0
1579,Nick Wechsler/Miracle Pictures,1,342835.0
1580,Nickelodeon Movies,1,10500000.0
1581,Nicolas Entertainment,1,30859000.0
1582,Nightwatcher Films,1,155160045.0
1583,Nihon Eiga Shinsha,1,224920315.0
1584,Nikkatsu,6,42842710.0
1585,Nilsen Premiere,1,140795793.0
1586,Nimar Studios,1,16344.0
1587,Nimbus Film Productions,1,124731534.0
1588,Nina Saxon Film Design,1,365134.0
1589,Nippon Shuppan Hanbai (Nippan) K.K.,2,62380653.0
1590,No Frills Film Production,1,670774.0
1591,No Limit Films,1,8359717.0
1592,Nomados Film,1,19294901.0
1593,Nopal Army,1,148868835.0
1594,Nord Ouest Production,1,19724334.0
1595,Nordisk Film,10,194175180.0
1596,Norm-Iris,1,39388.0
1597,Norris Brothers Entertainment,1,1108561013.0
1598,Norsk Rikskringkasting (NRK),1,80197993.0
1599,Norstar Entertainment,2,17479755.0
1600,North American Film Enterprises,1,884100.0
1601,North American Star System,1,18479.0
1602,North by Northwest Entertainment,2,89389845.0
1603,Northern Lights,1,1243961.0
1604,Nouvelles Éditions de Film,1,1107542.0
1605,Nova International Films,1,238227.0
1606,Nowhere Sp. z o. o.,1,8646157.0
1607,Nu Image / Millennium Films,1,1805884.0
1608,Nu Image Films,6,186836560.0
1609,Nuova Linea Cinematografica,1,635096.0
1610,Nuyorican Productions,2,527182072.0
1611,O Entertainment,1,212385533.0
1612,O.N.C.I.C.,1,6928068.0
1613,O.T.A. Productions,1,31987563.0
1614,O2 Filmes,2,59251227.0
1615,Obregon Cinematografica,1,26900000.0
1616,Oceana Media Finance,1,7871522.0
1617,October Films,7,434470452.0
1618,Océanic Films,1,7471304.0
1619,Odd Lot Entertainment,1,1179676.0
1620,Odyssey Entertainment,1,24689703.0
1621,Odyssey Media,2,100011486.0
1622,Off Hollywood Pictures,1,2225098.0
1623,Office Kitano,3,240421963.0
1624,Offside,1,2750275.0
1625,Oil Factory,1,39438674.0
1626,Omega Entertainment,1,519876949.0
1627,Omega Micott Inc.,1,217764291.0
1628,Omega Project,2,18273061.0
1629,OmniaTV,1,47000000.0
1630,One Of Those Productions,1,22456509.0
1631,One Race Productions,1,2054941.0
1632,Onyx Films,1,21170563.0
1633,Oops Doughnuts Productions,1,24145613.0
1634,Open City Films,2,69310633.0
1635,Optimum Productions,1,12639297.0
1636,Orenda Films,1,30036000.0
1637,Original Film,3,63623878.0
1638,Original Media,1,14723313.0
1639,Original Pictures,1,98337295.0
1640,Orion Pictures,44,2133429977.0
1641,Orion Pictures Corporation,3,19479071.0
1642,Orizzonte 2000,1,747862775.0
1643,Orly Films,2,12419689.0
1644,Oscilloscope Laboratories,2,52459753.0
1645,Out of Africa Entertainment,1,11000000.0
1646,Outpost Productions,1,851517.0
1647,Over 9000 Pictures,1,7087452.0
1648,Overseas FilmGroup,4,51023149.0
1649,P.A.C.,1,3082901.0
1650,P.T. Insantra Film,1,14000.0
1651,PBS,2,13269110.0
1652,PCH Films,1,97571250.0
1653,PECF,1,17011.0
1654,PHD Productions,1,472370.0
1655,PM Entertainment Group,1,6100000.0
1656,PSC,1,10652498.0
1657,PSO International,1,19595031.0
1658,Paco Cinematografica,1,641.0
1659,Palace Pictures,2,16350000.0
1660,Palisades Pictures,1,307811.0
1661,Palladium Productions,1,116000000.0
1662,Palm Pictures,2,166673296.0
1663,Palo Alto Productions,1,115350426.0
1664,Palomar,1,731753.0
1665,Palomar Pictures,3,443323012.0
1666,Pan Entertainment,1,32000000.0
1667,Panamax Films,1,15500000.0
1668,Pandora Cinema,2,70009031.0
1669,Pandora Filmproduktion,6,439423954.0
1670,Paper Street Films,1,14100000.0
1671,Par-Par Productions,1,12000000.0
1672,Parabolic Pictures,1,17479.0
1673,Paradis Films,1,54000000.0
1674,Paradise Films,1,850000000.0
1675,Paradox Spillefilm A/S,1,289847354.0
1676,Paragon Films Ltd,1,81350000.0
1677,Paragon Films Ltd.,2,743811469.0
1678,Parallel Films,1,13000000.0
1679,Paramount,1,13500000.0
1680,Paramount Classics,1,33231264.0
1681,Paramount Famous Lasky Corporation,1,369884651.0
1682,Paramount Pictures,260,16535823390.0
1683,Paramount Vantage,1,38804615.0
1684,Parc Film,1,7553105.0
1685,Pariah Entertainment Group,2,34082508.0
1686,Paris Film,3,15496665.0
1687,Park Avenue Productions,1,17092453.0
1688,Park Cinema Production,1,179000.0
1689,Parkes/Lasker productions,1,5820015.0
1690,Parkwood Entertainment,1,33456317.0
1691,Participant Media,1,371876278.0
1692,Participant Productions,1,145570827.0
1693,Parts and Labor,2,273886.0
1694,Party Productions,1,472370.0
1695,Parva Cinematografica,1,18000000.0
1696,Passion Pictures,1,60141683.0
1697,Patalex IV Productions Limited,1,27762648.0
1698,Pathe Productions,1,107071655.0
1699,Pathé,1,136766062.0
1700,Pathé Distribution,2,142404705.0
1701,Pathé Films,1,15.0
1702,Pathé Renn Productions,1,219417255.0
1703,Pathé!,1,5728213.0
1704,PeaceOut Productions,2,1802243.0
1705,Pellicola,1,162146076.0
1706,Películas Rodríguez,1,133771.0
1707,Peninsula Films,1,819939.0
1708,Penn Station Entertainment,2,8874472.0
1709,Penta Pictures,1,40084041.0
1710,Penthouse Films International,1,117758500.0
1711,Perathon Film-und Fernsehproduktions GmbH,1,11100000.0
1712,Periclean Productions,1,7847000.0
1713,Periscope Entertainment,1,610792.0
1714,Permut Presentations,2,53333552.0
1715,Persistent Entertainment,1,779137.0
1716,Persky-Bright Productions,1,3250000.0
1717,Peter McCarthy / Front Films,1,11000000.0
1718,Peter Rogers Productions,1,160602194.0
1719,Peter Walker (Heritage) Ltd.,1,841.0
1720,Phaedra Cinema,1,164508066.0
1721,Phantom Film,1,118034273.0
1722,Phantom Four,1,44695.0
1723,Phoenix Cinematografica,1,2450846.0
1724,Phoenix Films,1,609524.0
1725,Photoplay Productions,1,235432.0
1726,Picture Players Productions,1,26096852.0
1727,Pictures in Paradise,1,946461.0
1728,Pierce-Williams Entertainment,1,145000000.0
1729,Pig Newton,1,56825.0
1730,Pioneer Pictures Corporation,1,46770602.0
1731,Pixar Animation Studios,7,511048780.0
1732,Plan B Entertainment,2,24994328.0
1733,Planet Film Productions,1,17709155.0
1734,Planet Grande Pictures,1,13809.0
1735,Planet Productions,2,95179055.0
1736,Platinum Dunes,1,14200000.0
1737,Play Art,1,676698.0
1738,Playboy Enterprises,1,399.0
1739,Playtone,1,25800.0
1740,Plitt Theaters,1,6459020.0
1741,Plum Pictures,2,243036010.0
1742,Plymptoons,1,700000.0
1743,PolarStar Entertainment,1,2159041.0
1744,PolyGram Audiovisuel,1,763847.0
1745,PolyGram Filmed Entertainment,13,630513187.0
1746,Polygram Filmed Entertainment,1,6834525.0
1747,Ponti-De Laurentiis Cinematografica,1,1044824.0
1748,Pop Films,1,1400000.0
1749,Port au Prince Film & Kultur Produktion,1,230000.0
1750,Portrait Films,1,78000000.0
1751,Posa Films,1,539957.0
1752,Powercorp,1,20645327.0
1753,Praesens-Film,1,863416141.0
1754,Pravoslavnaya Encyclopaedia,1,2685000.0
1755,Prayer Flag Pictures,1,100914445.0
1756,Preferred Film & TV,1,34441873.0
1757,Premise Media Corporation,1,17741298.0
1758,Prescience,1,35485056.0
1759,Pressman-Williams,1,12800000.0
1760,Primate Pictures,1,77112176.0
1761,Pro-ject Filmproduktion,1,20225989.0
1762,Proartel S.A.,1,500.0
1763,Procirep,6,220669584.0
1764,Prodigy Pictures,2,202496997.0
1765,Producciones Anhelo,1,2025238.0
1766,Producciones Yanco,1,156844753.0
1767,Production I.G,1,22707064.0
1768,Production I.G.,1,83761844.0
1769,Productions Sigma,1,13168027.0
1770,Productora Ocio,1,287506194.0
1771,Produzione D.S. (Dario Sabatello),1,4400000.0
1772,Produzioni De Laurentiis International Manufacturing Company,1,19660000.0
1773,Produzioni De Sica,1,60328000.0
1774,Produzioni Europee Associati (PEA),2,58212107.0
1775,Produzioni Intersound,2,49960030.0
1776,Produções António Lopes Ribeiro,1,168180.0
1777,Profit,1,214600.0
1778,Projector Films,1,16441438.0
1779,Projektions-AG Union (PAGU),2,103771951.0
1780,Proletkult,1,319131050.0
1781,Promark Entertainment Group,1,8910819.0
1782,Prometheus Film Productions Ltd,1,71485043.0
1783,Promises Film Project,1,77741732.0
1784,Pronto Film,1,6.0
1785,Propaganda Films,9,878061484.0
1786,Prospero Pictures,1,11130889.0
1787,Proton Cinema,1,151165787.0
1788,Provenance Pictures,1,3347647.0
1789,Providence Entertainment,1,100020092.0
1790,Provident Films,1,20138836.0
1791,Puja Entertainment (India),1,67112664.0
1792,Punch 21 Productions,1,11000000.0
1793,Pupcake Productions,1,923.0
1794,Pyramide Productions,4,359882477.0
1795,Pātea Film Collective,1,3342697.0
1796,Q Productions,1,302710615.0
1797,Quad Productions,1,63833449.0
1798,Quadra Entertainment,1,108000000.0
1799,Quanta Centro de Produções Cinematográficas,1,17393.0
1800,Quincy Jones-David Salzman Entertainment,1,136982834.0
1801,Quixote Films,1,23510601.0
1802,Quorum Films,1,226286.0
1803,Qwerty Films,3,65766316.0
1804,R&C Produzioni,1,3102550.0
1805,R. D. Banshal & Co.,1,2724474.0
1806,R.P. Productions,1,144216468.0
1807,RAI Radiotelevisione Italiana,4,136466330.0
1808,RE STUDIO Renata Czarnkowska-Listos,1,9100000.0
1809,REN-Mar Studios,1,22400154.0
1810,RHI Entertainment,1,101657.0
1811,RKO Pictures,2,369803349.0
1812,RKO Radio Pictures,46,7169371372.0
1813,"RKO Radio Pictures, Inc.",1,136150434.0
1814,RM Films International,1,123494610.0
1815,RT Features,1,18317151.0
1816,RVML Animation,1,9200000.0
1817,RabbitBandini Productions,4,152511518.0
1818,Radiant Film GmbH,1,21500000.0
1819,Rai Cinema,3,410912590.0
1820,Rai Cinemafiction,1,163794509.0
1821,Rainmaker Entertainment,1,97594140.0
1822,Rainmark Films,1,19613.0
1823,Rakontur,1,82169884.0
1824,Ralph M. Like Productions,1,55184721.0
1825,Ralph Smart Productions,1,25312387.0
1826,Rankin/Bass Productions,1,13204291.0
1827,Rapi Films,1,2710.0
1828,Rasta International,1,62357900.0
1829,Rastar Films,1,35856053.0
1830,Rastar Pictures,2,27720071.0
1831,Raymond Stross Productions,1,75700498.0
1832,Razor Film Produktion GmbH,1,3878993.0
1833,Realitism,1,1328467.0
1834,Recorded Picture Company (RPC),1,11341016.0
1835,Red Bull Media House,1,33125.0
1836,Red Carpet,1,1055287.0
1837,Red Chillies Entertainment,1,57096190.0
1838,Red Lion,1,95242.0
1839,Red Wine Pictures,1,27297451.0
1840,Red-horse Native,1,10278549.0
1841,Redeemable Features,1,7000000.0
1842,Reel FX Creative Studios,1,21571189.0
1843,Reeleyes Film,1,767820459.0
1844,Regal Entertainment,1,98450062.0
1845,Regal Films Inc.,1,1300000.0
1846,Regal films,1,232617430.0
1847,Regency Enterprises,27,2549564049.0
1848,Regenerate Films,1,112343513.0
1849,Relativity Media,2,9516443.0
1850,Renaissance Films,2,77482414.0
1851,Renaissance Pictures,1,2691899.0
1852,Renegade Pictures,1,4270000.0
1853,Renegade Worldwide,1,20416563.0
1854,Renn Productions,6,938097865.0
1855,Reno Productions,1,176391.0
1856,Republic Entertainment International,1,5000000.0
1857,Republic Pictures,5,417442110.0
1858,Republic Pictures (I),2,847524367.0
1859,Restraining Order,1,81967450.0
1860,Reteitalia,4,48297327.0
1861,Reunion Pictures,4,42032078.0
1862,Revelations Entertainment,2,474843944.0
1863,Revere Pictures,1,490964.0
1864,Revolution Films,4,72523393.0
1865,Revolution Studios,3,77845392.0
1866,Revolutionary Eye LLC,1,19000000.0
1867,Rex-Film GmbH,1,25035950.0
1868,Rhea Films,1,68411275.0
1869,Rhino Films,1,16757163.0
1870,Rhino Home Video,1,3919731.0
1871,Rhombus Media,1,1347747.0
1872,Rhône-Alpes Cinéma,2,1421240.0
1873,Rich Animation Studios,1,9771658.0
1874,Richard-Oswald-Produktion,1,9612469.0
1875,Rigas Entertainment,1,5164404.0
1876,Rigas Kinostudija,1,130541.0
1877,Rigel Entertainment,1,81368.0
1878,Rio Negro,1,23198652.0
1879,Ritz-Carlton Pictures,1,378667.0
1880,River Road Entertainment,3,357201194.0
1881,Road Movies Filmproduktion,2,153333871.0
1882,Road Movies Filmproduktion GmbH,3,60152200.0
1883,Robert Simonds Productions,1,57269863.0
1884,Robert Stigwood Organization (RSO),2,72692670.0
1885,Robert Stone Productions,1,140161792.0
1886,Rockers Film Corporation,1,38200000.0
1887,Rodeo,1,346147658.0
1888,Rofima Cinematografica,1,1169603.0
1889,Rogue Pictures,3,76089789.0
1890,Rolling M. Productions,1,770132.0
1891,Romania Film,1,58785180.0
1892,Rome Paris Films,2,432144.0
1893,Romulus Films,2,34700000.0
1894,Room 608,1,486937.0
1895,Rosa Filmes,1,19300000.0
1896,Rose & Ruby Productions,2,27012278.0
1897,Ross Hunter Productions Inc.,1,1600000.0
1898,Rotor Film Babelsberg,1,278300000.0
1899,Roxbury Films,1,6916869.0
1900,Roxy Film,2,67136076.0
1901,Royal College of Art,1,13624522.0
1902,Royal Oaks Entertainment,1,13446769.0
1903,Royal Oaks Entertainment Inc.,2,379158340.0
1904,Ruby in Paradise,1,1001437.0
1905,Ruckus Films,1,1663931.0
1906,Rundfunk Berlin-Brandenburg (RBB),1,314195.0
1907,Running Reel Films,1,126.0
1908,Running With Scissors,1,59192128.0
1909,Russ-Arts,1,58405313.0
1910,Russkoe Schastie Entertainment,1,9420546.0
1911,Ruthless Pictures,2,7969267.0
1912,Rysher Entertainment,3,79938388.0
1913,Récifilms,1,2340.0
1914,Révillon Frères,1,70000000.0
1915,SBS,1,1221366.0
1916,SC Films International,1,42238454.0
1917,SE8 Group,1,1535558.0
1918,SF Film Production ApS,2,14366377.0
1919,SKM,1,24793509.0
1920,SLM Production Group,3,72857243.0
1921,SPVision,1,500000.0
1922,SRO Pictures,1,13818181.0
1923,SVT Drama,3,49368286.0
1924,Saban Entertainment,2,93894027.0
1925,Sai Enterprise,1,603900354.0
1926,Saltmill,1,1641825.0
1927,Salty Features,1,288347692.0
1928,SamFilm Produktion,1,9930095.0
1929,Samsung Entertainment,1,18634643.0
1930,Samuel Bronston Productions,1,184890.0
1931,Samuel Fuller Productions,1,100.0
1932,Samuel Goldwyn Company,2,24949053.0
1933,"Samuel Goldwyn Company, The",11,1495602490.0
1934,Sandollar Productions,2,77164515.0
1935,Sandrews,3,46748275.0
1936,Sandy Howard Productions,1,237113184.0
1937,Santa Clara Productions,1,17218023.0
1938,Santa Fe Productions,1,82703.0
1939,Santana Pictures Corporation,1,30000000.0
1940,Saratoga Film Corporation,1,71009334.0
1941,Sat.1,1,111127553.0
1942,Saturn Films,3,94120476.0
1943,Satyajit Ray Productions,1,16000.0
1944,Savoy Pictures,4,27965893.0
1945,Scala Productions,2,105193156.0
1946,Schramm Film Koerner & Weber,1,226904017.0
1947,Schweizer Fernsehen,2,312290751.0
1948,Sci Fi Pictures,1,14333790.0
1949,Scorpio Studio,1,70181428.0
1950,Scott Free Productions,1,45895.0
1951,Scott Rudin Productions,2,1160914714.0
1952,Scottish Screen,1,37710610.0
1953,Scout Productions,1,75902208.0
1954,Screen Australia,3,216735619.0
1955,Screen Gems,7,468777223.0
1956,Screen Gems Television,1,11000000.0
1957,Screen Guild Productions,1,50365377.0
1958,Screen West Midlands,1,6670712.0
1959,Scythia Films,1,964206.0
1960,"Seafarers International Union, Atlantic & Gulf Coast District, American Federation of Labor",1,3838.0
1961,Seasonal Film Corporation,2,6912481.0
1962,Section Eight,1,773228.0
1963,Security Pictures,1,173930596.0
1964,Segal-Tokofsky Productions Inc.,1,27092880.0
1965,Selmur Productions,1,10000000.0
1966,Selznick International Pictures,1,63463.0
1967,Semi-Professional,1,88273.0
1968,Senator Film Produktion,5,834612023.0
1969,Seoul Films,1,58840.0
1970,September Dawn,1,18197398.0
1971,Serenade Films,1,181674817.0
1972,Serendipity Point Films,3,9421050.0
1973,Serpent Films Productions,1,7644937.0
1974,Seven Arts Productions,3,95821941.0
1975,Shakespeare Film Company,1,119000410.0
1976,Shakey Pictures,1,6660333.0
1977,Shanghai Film Group,1,1100000.0
1978,Shanghai Kid Films,1,29541790.0
1979,Shangri-La Entertainment,1,42064105.0
1980,Shapiro-Glickenhaus Entertainment,1,938212738.0
1981,Shaw Brothers,10,332511665.0
1982,Sherwood,1,7000000.0
1983,Sherwood Productions,1,53977250.0
1984,Shochiku,2,6482646.0
1985,"Shochiku Co., Ltd.",1,5761917.0
1986,Shochiku Company,4,722958904.0
1987,Shochiku-Fuji Company,1,4557214.0
1988,Shogakukan,1,494506.0
1989,Shooting Gallery,3,55804282.0
1990,Shoreline Entertainment,1,1410778.0
1991,Showbox,1,311.0
1992,Showtime Entertainment Television,1,1.0
1993,Shree Venkatesh Films,1,215283742.0
1994,Shôchiku Eiga,10,180142272.0
1995,Si Litvinoff Film Production,1,141047179.0
1996,Sideshow Pictures,1,124494.0
1997,Sidney Kimmel Entertainment,2,67436049.0
1998,Sidus Pictures,1,151161491.0
1999,Sigma Films Ltd.,1,2411145.0
2000,Sigmund Neufeld Productions,1,5240.0
2001,Signature Pictures,1,31651.0
2002,Silent Hill DCP Inc.,1,77920346.0
2003,Silent Night Releasing Corporation,1,155545279.0
2004,Silver Films,2,226658044.0
2005,Silver Pictures,10,563751138.0
2006,Silver Screen Partners,3,55324798.0
2007,Silver Screen Partners II,1,16393000.0
2008,Silver Screen Partners III,4,99736251.0
2009,SilverLight Entertainment,1,282358.0
2010,Silverscreen Films,1,4500000.0
2011,Silverwood Films,1,3106559.0
2012,Simcom Limited,1,11642254.0
2013,Siriol Productions,1,88100000.0
2014,Sirk Productions,1,8914881.0
2015,Site B,2,37196524.0
2016,Sixth Wave Productioins,1,93820758.0
2017,Skyra Entertainment,1,5578519.0
2018,Skyscraper Films,1,2107925.0
2019,Sleepy Whippet,1,809342332.0
2020,Slotint,1,126546518.0
2021,Slovenská filmová tvorba Koliba (SFT),1,134.0
2022,Small Form Films,1,1519557910.0
2023,Smokescreen Inc.,1,62852.0
2024,Smokewood Entertainment,1,26121638.0
2025,Smokewood Entertainment Group,1,769653595.0
2026,Snoot Entertainment,1,1776935.0
2027,Sochiku,1,362000072.0
2028,Società Europea Films Internazionali Cinematografica (SEFI),1,1826705.0
2029,Société Française de Production (SFP),2,626090.0
2030,Société Nouvelle Pathé Cinéma,1,70136369.0
2031,Société Nouvelle de Cinématographie,2,272835651.0
2032,Sofica Europacorp,2,346208339.0
2033,Sofracima,1,1076075.0
2034,Sogetel,1,10920544.0
2035,Solar Films inc.,1,10422387.0
2036,Solar Productions,1,3.0
2037,Solventdreams,1,170000.0
2038,Sonet Film AB,1,381420.0
2039,Sonnis,1,258022233.0
2040,Sonocam,1,17986781.0
2041,Sony Music Entertainment Japan,3,1121179824.0
2042,Sony Picture Imageworks,1,11500000.0
2043,Sony Pictures,1,18928.0
2044,Sony Pictures Animation,2,261692744.0
2045,Sony Pictures Classics,8,479006610.0
2046,Sony Pictures Home Entertainment,5,511864718.0
2047,Soprofilms,1,27206120.0
2048,South Pacific Pictures,2,166063879.0
2049,Sovereign Pictures,1,25482931.0
2050,Sovexportfilm,1,272912430.0
2051,Sovkino,1,22000000.0
2052,Soyuzmultfilm,2,13792160.0
2053,SpA Cinematografica,1,14899417.0
2054,Space Films Polytechna,1,1334173.0
2055,Sparklight Films,1,9700000.0
2056,Speak Productions,1,2434658.0
2057,Special Affects films,1,2541554.0
2058,Spectacular Trading International,1,61619773.0
2059,Spellbound Films,1,331957105.0
2060,Spheeris Films Inc.,1,7000000.0
2061,Spin Prods. LLC,1,61255921.0
2062,Spitfire Productions,1,4104962.0
2063,Splendid Film,1,7900000.0
2064,Splendid Pictures,1,37095657.0
2065,Spring Creek Productions,1,50892160.0
2066,Spring Films,1,1697294.0
2067,Spyglass Entertainment,5,282531485.0
2068,Spéva Films,1,37884.0
2069,Square Enix,1,15431177.0
2070,Sri Lakshmi Narasimha Productions,1,2760000.0
2071,Sri Venkateswara Cine Chitra,1,1023784195.0
2072,St. Michael Finance Limited,1,20666667.0
2073,Stag Films,1,753808.0
2074,Stand See,1,20060051.0
2075,Standard Arts,1,40924982.0
2076,Stanley Kramer Productions,5,182701534.0
2077,Stanley Kubrick Productions,2,120229890.0
2078,Star Cinema Productions,1,1775316.0
2079,Star Film Company,1,90007945.0
2080,Star Partners II Ltd.,1,320145693.0
2081,Star Ritz Productions Co Ltd,1,5275000.0
2082,Star-Film,2,14431675.0
2083,Starway International Inc.,1,13609396.0
2084,Starz Animation,1,7938872.0
2085,Status Media & Entertainment,1,15000000.0
2086,Steamroller Productions,2,53009250.0
2087,Steel Mill Pictures,1,194168700.0
2088,Steen Herdel Filmproduktion,1,1339650.0
2089,Steen Herdel Filmproduktion ApS,1,260354.0
2090,Stefano Film,3,49393776.0
2091,StellaNova Film,1,81381.0
2092,Stellar Mega Films,1,3.0
2093,Sterling Pictures Ltd,1,69929545.0
2094,Steve White Productions,1,159773545.0
2095,Stick Figure Productions,1,49830607.0
2096,Stillking Films,1,102854431.0
2097,Stolen Car Productions,1,164433867.0
2098,Stone Group Pictures,1,1750301.0
2099,Storyline Entertainment,1,8413144.0
2100,Strike Entertainment,1,823258.0
2101,Studio Babelsberg,4,353059260.0
2102,Studio Canal,3,17565901.0
2103,Studio Eight Productions,1,114194847.0
2104,Studio Ghibli,4,32047415.0
2105,Studio Hamburg Filmproduktion,1,424988211.0
2106,Studio Pavla Lungina,1,263000.0
2107,Studio Pierrot,1,16000000.0
2108,Studio Trite,1,70600000.0
2109,StudioCanal,12,542737060.0
2110,Subafilms,1,45300000.0
2111,Submarine Entertainment Distributors,1,288747895.0
2112,Suevia Films - Cesáreo González,1,10893246.0
2113,Suffolk Productions,1,77000000.0
2114,Sullivan Entertainment,1,6045657.0
2115,Sullivan Street Productions,1,15473333.0
2116,Summit Entertainment,11,242030677.0
2117,Sunset Films International,1,21058000.0
2118,Sunshine,1,31755742.0
2119,Sunshine Pictures,1,400134.0
2120,Sunswept Entertainment,1,21972336.0
2121,Suomen Filmiteollisuus,1,6581915.0
2122,Super Crispy Entertainment,1,37930465.0
2123,Super Film Production,1,107670357.0
2124,Super International Pictures,1,1978592.0
2125,Super filmes,1,11000000.0
2126,Superior Pictures,1,3174695.0
2127,Svensk Filmindustri,1,531865000.0
2128,Svensk Filmindustri (SF),11,135882529.0
2129,Svenska Filminstitutet,1,19265302.0
2130,Sveriges Radio,1,187500000.0
2131,Sveriges Television (SVT),3,74699486.0
2132,Sweet Tomato Films,1,760000.0
2133,Sweetland Films,1,100491683.0
2134,Sweetwater,1,75143.0
2135,Swordspoint Productions,1,6500000.0
2136,Syfy,1,91709827.0
2137,Syn-Frank Enterprises,1,5873871.0
2138,TAFT Entertainment Pictures,1,7433663.0
2139,TBIA Flix,1,47748.0
2140,TF1 Films Production,3,254484138.0
2141,TF1 Films Productions,3,16644269.0
2142,TIT Filmproduktion GmbH,1,4200000.0
2143,TLA Releasing,12,1703111317.0
2144,TNT Originals,1,1300000.0
2145,TS Productions,2,469468253.0
2146,TV Man Union,1,111584787.0
2147,TV Productions LTD And Beijing Hop Culture Co,1,81303447.0
2148,TV Tokyo,1,39481.0
2149,TV2,1,72417394.0
2150,Tadié Cinéma,1,93617009.0
2151,Taewon Entertainment,1,83160734.0
2152,Tag Entertainment,2,250992993.0
2153,Tag Spledour and Films,1,522911.0
2154,Tag/Traum Filmproduktion,1,5410749.0
2155,Talkback Thames,1,1171559.0
2156,Talía Films,1,117760134.0
2157,Tandem Productions,1,1359497.0
2158,Tango Film,1,240093.0
2159,Tapestry Films,1,1060056.0
2160,Tapped Pictures,1,24591.0
2161,Tapson Steel Films Productions,1,14000000.0
2162,Tarnol Group Pictures,1,50000000.0
2163,Tasse Film,1,14000000.0
2164,Tatsunoko Productions Company,1,48418160.0
2165,Taurus Films,1,30.0
2166,Team Work Motion Pictures Ltd.,1,8049666.0
2167,Tele München Fernseh Produktionsgesellschaft (TMG),1,73883359.0
2168,Telecinco,2,125517480.0
2169,Telecinco Cinema,2,6153899.0
2170,Telefilm Canada,1,2015882.0
2171,Telemondial,1,30229977.0
2172,Telepool,1,719968.0
2173,Telespan 2000,2,120983722.0
2174,Televisió de Catalunya (TV3),1,47738099.0
2175,Televisión Española (TVE),2,66337431.0
2176,Televisión Española TVE,1,61347797.0
2177,Templeheart Films,1,52761.0
2178,Terence Michael Productions,1,528428.0
2179,Terminal City Pictures,1,142940100.0
2180,Terra Filmkunst,2,1215778981.0
2181,Tesauro,1,2000000.0
2182,Tesela P.C.,1,35081550.0
2183,Tesela P.C. / Impala,1,71000000.0
2184,Tessalit Productions,1,7385434.0
2185,Thats Hollywood,1,125729635.0
2186,The Archers,2,77167563.0
2187,The Associates & Aldrich Company,1,56298474.0
2188,The Asylum,3,153358030.0
2189,The Australian Film Commission,3,464068002.0
2190,The Foul King 2000,1,21435321.0
2191,The Goatsingers,1,14.0
2192,The Guber-Peters Company,1,40471663.0
2193,The Harold Lloyd Corporation,2,144257043.0
2194,The Harvey Boys,1,88025781.0
2195,The Image Organization,1,79082515.0
2196,The Institute for the Intellectual Development of Children & Young Adults,1,32204030.0
2197,The Jacobson Company,1,101229792.0
2198,The Jerry Gross Organization,1,77516304.0
2199,The Kennedy/Marshall Company,2,192289876.0
2200,The Kushner-Locke Company,1,572000000.0
2201,The Lab Of Madness,1,22136.0
2202,The Mark Gordon Company,2,19817717.0
2203,The Mayhem Project,1,183293131.0
2204,The Mirisch Corporation,5,704643193.0
2205,The Mob,1,2957978.0
2206,The Mount Company,2,28346117.0
2207,The Movie Group,1,74134790.0
2208,The Movie Network (TMN),2,5791967.0
2209,The New Zealand Film Commission,1,1558836.0
2210,The Onion,1,23530831.0
2211,The Rank Organisation,14,707834130.0
2212,The Rank Organisation Film Productions,1,741766.0
2213,The Safran Company,2,168442575.0
2214,The Samuel Goldwyn Company,1,14560084.0
2215,The Saul Zaentz Company,1,30177511.0
2216,The Weinstein Company,11,811117604.0
2217,The Zanuck Company,3,497803033.0
2218,Thelma Films,1,653951.0
2219,They Are Going To Kill Us Productions,1,617000.0
2220,Thinkfactory Media,1,119100758.0
2221,Thinkfilm,2,55153637.0
2222,This Is That Productions,1,7808524.0
2223,This and That Productions,1,201719.0
2224,Thorn EMI Screen Entertainment,2,338487015.0
2225,Thousand Words,1,159429.0
2226,Three Coin Productions,1,710644566.0
2227,Three Springs Productions,1,51142659.0
2228,Three T Productions,1,77477008.0
2229,Thunderbox Films,1,362222.0
2230,Thura Film,2,23693082.0
2231,Tiberius Film Productions,1,930349.0
2232,Tig Productions,3,556719633.0
2233,Tiger Aspect Productions,2,298174442.0
2234,Tiger Tail Entertainment,1,42145.0
2235,TigerTiger Productions,1,49000000.0
2236,Tijuana Productions,1,30102717.0
2237,Tim Burton Productions,2,163621464.0
2238,Timbergrove Entertainment,1,33965843.0
2239,Tinderbox Films,1,41590886.0
2240,Titanus,2,10480295.0
2241,Titus Productions,1,21750000.0
2242,Tobis,1,15000000.0
2243,"Todman, Simon, LeMasters Productions",1,53208180.0
2244,Toei Animation,10,319719258.0
2245,Toei Company,1,157887643.0
2246,"Toei Company, Ltd.",1,42700000.0
2247,Tohei,1,9409000.0
2248,Toho,1,212483.0
2249,Toho Company,20,612798458.0
2250,Toho Film (Eiga) Co. Ltd.,4,109071363.0
2251,Tohokushinsha Film,1,52304001.0
2252,Tokuma Shoten,1,84500122.0
2253,Tokyo Broadcasting System (TBS),2,452422843.0
2254,Toledo Productions,1,215576.0
2255,Tom Sawyer Entertainment,1,715.0
2256,Tornasol Films,2,408604038.0
2257,Tornasol Films S.A.,1,133821816.0
2258,Touchstone,1,7788597.0
2259,Touchstone Pictures,47,3326588701.0
2260,Touchwood Pacific Partners 1,3,38356939.0
2261,Toute Premiere Fois,1,93375151.0
2262,Trans Pacific Films,1,14400000.0
2263,Trans-Film,1,36800000.0
2264,Transatlantic Pictures,1,73326666.0
2265,Transfax Film Productions,1,10759.0
2266,Transglobe-Film Inc.,1,83027924.0
2267,Transmar Films,1,49263404.0
2268,Tre Vänner Produktion AB,2,82585726.0
2269,Treasure Entertainment,1,5483299.0
2270,Tree Line Films,1,825532764.0
2271,Tremolo Productions,1,662845518.0
2272,TriStar Pictures,60,4528339292.0
2273,TriStar Television,1,2347000.0
2274,Tribeca Productions,1,3764219.0
2275,Trilogy Entertainment Group,2,34220497.0
2276,Trimark Pictures,5,536339666.0
2277,Trimod Films,1,16605763.0
2278,Tritone Cinematografica,1,214078.0
2279,Tritone Productions,1,900000.0
2280,Troma Entertainment,8,142006350.0
2281,Troublemaker Studios,1,39053061.0
2282,Trust the Man LLC,1,37597471.0
2283,Truth and Soul Pictures Inc,1,880674609.0
2284,Tube Pictures,1,29536299.0
2285,Tulos Cinema,1,22222308.0
2286,Turbine Films Inc.,1,1258000.0
2287,Turner Entertainment,1,23859.0
2288,Turner Network Television,1,8.0
2289,Turner Pictures,1,173046663.0
2290,Turner Pictures (I),1,4762337.0
2291,Twentieth Century Fox Film Corporation,209,16175509927.0
2292,Twentieth Century-Fox,1,65046687.0
2293,Twentieth Century-Fox Productions,1,43165571.0
2294,Twickenham Studios,1,698200.0
2295,Twilight Pictures,1,90024292.0
2296,Twisted Pictures,1,1.0
2297,Two Cities Films,1,23650000.0
2298,Téléfiction Distribution,1,26800152.0
2299,Téléfilm Canada,4,822913561.0
2300,Téléma Productions,2,471656428.0
2301,UK Film Council,2,404129774.0
2302,USA Films,3,186598865.0
2303,UTV Motion Pictures,1,9760104.0
2304,UTV Spotboy Motion Pictures,1,14056.0
2305,Ubisoft,1,4588176.0
2306,Ukbar Filmes,1,169801921.0
2307,Ultra Muchos Productions,1,8025872.0
2308,Umbrella-Rosenblum Film Production,1,333000000.0
2309,UniKorea Pictures,1,5989640.0
2310,United Artists,84,8214895323.0
2311,United Artists Corporation,1,41323171.0
2312,United Artists Pictures,1,1686429.0
2313,United British Artists (UBA),1,114663461.0
2314,United Filmmakers Organization (UFO),1,262921.0
2315,United Pictures Organization,1,30283.0
2316,Universal Cartoon Studios,1,22611954.0
2317,Universal Film Manufacturing Company,1,3325038.0
2318,Universal International Pictures (UI),16,1612414675.0
2319,Universal Pictures,234,15947270457.0
2320,Universal Pictures Corporation,1,3169719.0
2321,Universal Pictures International,1,18730891.0
2322,Universal Studios,6,139462417.0
2323,Universal TV,1,111340801.0
2324,Universe Films Distribution,1,47088990.0
2325,Universidad del Cine,1,3000000.0
2326,Universum Film (UFA),3,72507260.0
2327,Uranos Cinematografica,1,80253908.0
2328,Ursus Films,1,67821.0
2329,V.M. Productions,1,24185781.0
2330,VUFKU,1,5050000.0
2331,Valoria Films,1,12918858.0
2332,Vanguard Films,1,5914908.0
2333,Vans,1,26000000.0
2334,Vansan Movies,1,14444999.0
2335,Varahonar Company,1,9902115.0
2336,Varient Busted Buggy Entertainmen,1,1550000.0
2337,Variety Film Production,1,21355893.0
2338,Vega Film,1,133346506.0
2339,Ventanarosa Productions,1,56870414.0
2340,Vereinigte Star-Film GmbH,1,600896.0
2341,Versus Production,1,26250020.0
2342,Vertigo Entertainment,4,452592612.0
2343,Vertigo Films,1,6294161.0
2344,Vertigo Productions,3,302400002.0
2345,Vestron Pictures,1,15942628.0
2346,Vic Films Productions,1,14278900.0
2347,Video Tape Corp.,1,132274484.0
2348,VideoFilmes,2,132936842.0
2349,Videovision Entertainment,1,77156.0
2350,Vides Cinematografica,1,5839164.0
2351,Vijayta Films Pvt. Ltd.,1,1.0
2352,Village Roadshow Pictures,29,3953825642.0
2353,Villani Film,1,2260622.0
2354,Villealfa Filmproduction Oy,2,28869631.0
2355,Virgin Vision,1,401421.0
2356,Virtual Studios,1,486021.0
2357,Vision International,1,2036198.0
2358,VisionQuest Productions,1,4947717.0
2359,Vista Organization,2,26759783.0
2360,Visto International Inc.,1,19204593.0
2361,Vitamin K Film,1,111996.0
2362,Voices of America,1,1301696.0
2363,Voltage Pictures,1,147542.0
2364,Voltage pictures,1,68267862.0
2365,Vox3 Films,1,6153967.0
2366,Vulcan Productions Inc.,1,203388186.0
2367,Vía Digital,3,288042886.0
2368,WANGO Films,1,873260194.0
2369,WDR,3,741362890.0
2370,WGBH,2,31283035.0
2371,WT2 Productions,1,10442808.0
2372,WWE Studios,4,338900153.0
2373,WY Productions,1,13819139.0
2374,Walden Media,1,1300000.0
2375,Wallis-Hazen,1,4159678.0
2376,Walt Disney,3,161980126.0
2377,Walt Disney Animation Studios,1,124191.0
2378,Walt Disney Feature Animation,1,1569918.0
2379,Walt Disney Pictures,72,6588743825.0
2380,Walt Disney Production,1,1568749.0
2381,Walt Disney Productions,22,1521915352.0
2382,Walt Disney Studios Home Entertainment,1,20967660.0
2383,Walt Disney Television,1,1784763.0
2384,Walt Disney Television Animation,3,80415869.0
2385,Walt deFaria,1,1469.0
2386,Walter Wanger Productions,2,188125837.0
2387,Wanda Films,1,1020921.0
2388,Wanda Visión S.A.,1,36642838.0
2389,Warner Bro. Japan,1,2100000.0
2390,Warner Bros.,164,9505190489.0
2391,Warner Bros. Animation,2,87200000.0
2392,Warner Bros. Entertainment Finland Oy,1,90275.0
2393,Warner Bros. Family Entertainment,1,250200000.0
2394,Warner Bros. Home Video,1,28200.0
2395,Warner Bros. Pictures,5,749542687.0
2396,Warner Bros. Television,1,7338987.0
2397,Warner Brothers/Seven Arts,3,6638648.0
2398,Warner Home Video,1,164602163.0
2399,Warner Independent Pictures (WIP),1,74541707.0
2400,Warner Premiere,2,18936261.0
2401,Watermark Films,1,129115.0
2402,Waverly Films,1,3367646.0
2403,Wayne-Fellows Productions,1,416498.0
2404,Weed Road Pictures,2,136224927.0
2405,Weintraub Entertainment Group,2,30612411.0
2406,Wellington Films,1,52501541.0
2407,Weltecho,1,24000000.0
2408,Werner Herzog Filmproduktion,3,116098784.0
2409,West Film,1,2642899.0
2410,Westdeutscher Rundfunk (WDR),4,250159649.0
2411,Whale Studio,1,55969000.0
2412,Wheel Productions,1,1238080.0
2413,Whitewater Films,1,11850214.0
2414,Whitley Partners,1,133718711.0
2415,Why Not Productions,2,156069509.0
2416,Wilco Co.,1,69834815.0
2417,Wild Bunch,1,73174566.0
2418,Wilding Picture Productions,1,14225876.0
2419,Wildwood Enterprises,1,1279.0
2420,Will Packer Productions,1,201607.0
2421,William Cagney Productions,1,29133000.0
2422,William Castle Productions,2,78338719.0
2423,Williamsburg Media Cult,1,1296184.0
2424,Williamson Kinematograph Company,1,2000000.0
2425,Willing Suspension Films,1,14793385.0
2426,WingNut Films,4,56304455.0
2427,Winkler Films,1,3200000.0
2428,Winslow Partners Ltd.,1,1.0
2429,Wolfe Releasing,1,63802.0
2430,Wolper Organization,1,17381942.0
2431,Wolper Productions,1,60462347.0
2432,Woodfall Film Productions,4,165050000.0
2433,Working Dog,1,103738726.0
2434,Working Title Films,1,3275585.0
2435,Working Title Television,1,15000000.0
2436,World Film Services,1,156974557.0
2437,World Wide Pictures (WWP),1,4235151.0
2438,World Wide Productions,1,58831997.0
2439,Worldview Entertainment,1,115860.0
2440,Worldvision,1,11650.0
2441,Wrather Productions,1,35323292.0
2442,Wurstfilm,1,10631747.0
2443,X-Filme Creative Pool,3,496511565.0
2444,XYZ Films,1,500.0
2445,Xaloc,1,100000000.0
2446,Yari Film Group,7,346259551.0
2447,Yash Raj Films,1,169837010.0
2448,Yellow Bird Films,1,44030246.0
2449,Yellow Film & TV,1,149217355.0
2450,"Yellow, Black & White",1,45056771.0
2451,Yerevan Film Studio,1,14752.0
2452,Yleisradio (YLE),2,97920536.0
2453,Youth House Productions,1,414404.0
2454,ZDF,1,880474.0
2455,Zed Filmworks,1,45000.0
2456,Zeitman-Landers-Roberts Productions,1,495861.0
2457,Zeitsprung Entertainment,1,551760.0
2458,Zentropa Entertainments,11,546764106.0
2459,Zentropa Productions,1,2401510.0
2460,Zero Film GmbH,1,2340363.0
2461,Zero Gravity Management,1,17654912.0
2462,Zeta Entertainment,1,507941.0
2463,Zeynofilm,1,8500000.0
2464,Zininsa Film Production,1,401128639.0
2465,Zipline Entertainment,1,232713139.0
2466,Zoetrope Studios,1,6375979.0
2467,Zoomo Productions,1,141069860.0
2468,Zweites Deutsches Fernsehen (ZDF),2,113372919.0
2469,alta vista productions,1,940944.0
2470,arena Films,1,119269486.0
2471,barefoot films,1,119919.0
2472,cattleya,1,13101672.0
2473,cinegrafik,1,1477030.0
2474,d.i.e.film,1,2146041.0
2475,dick clark productions,1,519311965.0
2476,eOne Television,1,1983204.0
2477,filmkombinat Nordost GmbH & Co. KG,1,15.0
2478,i5 Films,1,13596911.0
2479,icon,1,80916492.0
2480,menuet,1,28972508.0
2481,mr. kirby productions,1,33013805.0
2482,nWave Pictures,1,13651656.0
2483,red bone,1,458232.0
2484,scena film,1,15504.0
2485,the Canadian Council,1,9440272.0
2486,Álvaro Agustín,1,46396427.0
2487,Österreichischer Rundfunk (ORF),1,10967.0
2488,Új Budapest Filmstudió,1,17193231.0
2489,Česká televize,1,95404397.0
2490,"Ελληνικό Κέντρο Κινηματογράφου, ΕΡΤ",1,1101480.0
2491,Вертикаль,1,6134438.0
2492,Киевнаучфильм,1,60700.0
2493,Киностудия «Мосфильм»,1,246233113.0
2494,Союзмультфильм,1,3300000.0
